Entity,Code,Year,"Female lung cancer deaths (per 100,000) (WHO (IARC) (2016))","Male lung cancer deaths per 100,000 (WHO (IARC) (2016))"
Afghanistan,AFG,2002,2.7,11.3
Albania,ALB,1987,5.49,35.32
Albania,ALB,1988,6.3,37.78
Albania,ALB,1989,4.01,32.58
Albania,ALB,1992,5.12,27.77
Albania,ALB,1993,4.79,25.43
Albania,ALB,1994,5.09,21.83
Albania,ALB,1995,5.79,33.68
Albania,ALB,1996,7.8,35.57
Albania,ALB,1997,7.62,35.98
Albania,ALB,1998,7.84,34.84
Albania,ALB,1999,7.38,34.67
Albania,ALB,2000,6.4,31.48
Albania,ALB,2001,5.88,27.91
Albania,ALB,2002,8.1,29.44
Algeria,DZA,2002,2,16.4
Angola,AGO,2002,1.3,7
Argentina,ARG,1966,5.17,41.07
Argentina,ARG,1967,5.56,47.2
Argentina,ARG,1968,6.7,48.19
Argentina,ARG,1969,6.32,48.67
Argentina,ARG,1970,5.94,46.7
Argentina,ARG,1977,5.54,43.79
Argentina,ARG,1978,5.55,44.01
Argentina,ARG,1979,5.28,43.09
Argentina,ARG,1980,5.21,42.9
Argentina,ARG,1981,5.38,44.55
Argentina,ARG,1982,5.51,40.52
Argentina,ARG,1983,5.51,42.38
Argentina,ARG,1984,5.84,41.26
Argentina,ARG,1985,5.35,40.63
Argentina,ARG,1986,5.26,39.5
Argentina,ARG,1987,5.34,41.39
Argentina,ARG,1988,5.88,40.09
Argentina,ARG,1989,5.83,39.64
Argentina,ARG,1990,5.83,38.03
Argentina,ARG,1991,6.26,39.35
Argentina,ARG,1992,6.2,38.01
Argentina,ARG,1993,6.38,37.77
Argentina,ARG,1994,6.42,37.88
Argentina,ARG,1995,6.29,36.8
Argentina,ARG,1996,6.46,36.97
Argentina,ARG,1997,6.5,36
Argentina,ARG,1998,7.09,35.99
Argentina,ARG,1999,7.05,36.12
Argentina,ARG,2000,6.73,34.74
Argentina,ARG,2001,6.95,32.92
Argentina,ARG,2002,7.08,31.87
Armenia,ARM,1981,4.09,33.01
Armenia,ARM,1982,4.9,32.88
Armenia,ARM,1985,5.56,37.62
Armenia,ARM,1986,6.23,36.7
Armenia,ARM,1987,5.42,35.42
Armenia,ARM,1988,6.04,42.55
Armenia,ARM,1989,5.89,40.83
Armenia,ARM,1990,6.38,45.98
Armenia,ARM,1991,5.66,48.04
Armenia,ARM,1992,7.1,44.8
Armenia,ARM,1993,6.55,41.34
Armenia,ARM,1994,5.75,37.81
Armenia,ARM,1995,4.49,39.8
Armenia,ARM,1996,4.55,41.01
Armenia,ARM,1997,4.83,43.91
Armenia,ARM,1998,5.58,41.45
Armenia,ARM,1999,5.28,45.09
Armenia,ARM,2000,6.39,45.54
Armenia,ARM,2001,6.2,46.71
Armenia,ARM,2002,5.96,45.62
Australia,AUS,1950,2.78,13.83
Australia,AUS,1951,2.98,14.91
Australia,AUS,1952,2.98,17.29
Australia,AUS,1953,3.73,18.27
Australia,AUS,1954,2.98,19.13
Australia,AUS,1955,2.96,20.7
Australia,AUS,1956,3.47,22.12
Australia,AUS,1957,3.2,24.06
Australia,AUS,1958,3.24,23.91
Australia,AUS,1959,3.31,26.27
Australia,AUS,1960,3.44,27.19
Australia,AUS,1961,3.58,29.81
Australia,AUS,1962,3.83,31.77
Australia,AUS,1963,3.86,32.78
Australia,AUS,1964,4.28,34.74
Australia,AUS,1965,4.19,35.1
Australia,AUS,1966,4.46,37.4
Australia,AUS,1967,5.09,38.72
Australia,AUS,1968,5.04,39.97
Australia,AUS,1969,4.96,41.26
Australia,AUS,1970,6.42,42.12
Australia,AUS,1971,6.76,43.61
Australia,AUS,1972,6.37,43.99
Australia,AUS,1973,7.05,44.92
Australia,AUS,1974,6.83,47.21
Australia,AUS,1975,7.22,47.37
Australia,AUS,1976,7.97,48.5
Australia,AUS,1977,9.08,46.96
Australia,AUS,1978,9.09,47.16
Australia,AUS,1979,9.42,47.38
Australia,AUS,1980,9.7,49.45
Australia,AUS,1981,9.56,49.09
Australia,AUS,1982,10.56,49.15
Australia,AUS,1983,11.44,48.59
Australia,AUS,1984,11.32,48.56
Australia,AUS,1985,11.5,47.98
Australia,AUS,1986,11.99,45.99
Australia,AUS,1987,11.41,46.27
Australia,AUS,1988,12.86,45.68
Australia,AUS,1989,13.21,45.55
Australia,AUS,1990,12.72,41.64
Australia,AUS,1991,13.6,41.18
Australia,AUS,1992,12.88,41.17
Australia,AUS,1993,13.33,38.96
Australia,AUS,1994,13.6,40.36
Australia,AUS,1995,13.58,37.4
Australia,AUS,1996,13.73,37.2
Australia,AUS,1997,13.66,35.21
Australia,AUS,1998,13.12,34.87
Australia,AUS,1999,13.1,33.19
Australia,AUS,2000,13.87,31.76
Australia,AUS,2001,13.9,31.29
Australia,AUS,2002,14.31,30.4
Austria,AUT,1955,5.07,43.01
Austria,AUT,1956,6.31,45.84
Austria,AUT,1957,6.14,47.55
Austria,AUT,1958,6.45,47.69
Austria,AUT,1959,6.35,47.51
Austria,AUT,1960,5.31,49.86
Austria,AUT,1961,5.61,51.26
Austria,AUT,1962,6.14,49.25
Austria,AUT,1963,5.98,52.01
Austria,AUT,1964,5.74,48.87
Austria,AUT,1965,5.9,52.46
Austria,AUT,1966,6.29,51.25
Austria,AUT,1967,6.11,51.51
Austria,AUT,1968,6.46,53.14
Austria,AUT,1969,6.23,51.51
Austria,AUT,1970,5.77,50.46
Austria,AUT,1971,6.61,50.05
Austria,AUT,1972,6.34,51.47
Austria,AUT,1973,6.5,52.2
Austria,AUT,1974,6.88,50.77
Austria,AUT,1975,6.84,50.8
Austria,AUT,1976,6.58,50.42
Austria,AUT,1977,6.63,50.73
Austria,AUT,1978,6.94,48.69
Austria,AUT,1979,7.02,50.59
Austria,AUT,1980,7.25,49.91
Austria,AUT,1981,7.36,48.43
Austria,AUT,1982,8.18,47
Austria,AUT,1983,7.87,48.28
Austria,AUT,1984,8.83,50.06
Austria,AUT,1985,7.94,47.46
Austria,AUT,1986,8.16,46.94
Austria,AUT,1987,9.14,46.44
Austria,AUT,1988,9.35,45.6
Austria,AUT,1989,8.55,45.74
Austria,AUT,1990,8.72,45.46
Austria,AUT,1991,9.64,45.8
Austria,AUT,1992,9.35,43.75
Austria,AUT,1993,9.58,45.23
Austria,AUT,1994,10.23,41.7
Austria,AUT,1995,9.61,40.8
Austria,AUT,1996,10.43,40.81
Austria,AUT,1997,10.81,39.37
Austria,AUT,1998,10.75,39.48
Austria,AUT,1999,10.87,37.2
Austria,AUT,2000,11.54,36.41
Austria,AUT,2001,10.67,35.15
Austria,AUT,2002,11.77,35.92
Azerbaijan,AZE,1981,4.5,35.62
Azerbaijan,AZE,1982,5.48,34.63
Azerbaijan,AZE,1985,4.41,32.43
Azerbaijan,AZE,1986,4.86,36.57
Azerbaijan,AZE,1987,5.64,38.51
Azerbaijan,AZE,1988,5.51,35.65
Azerbaijan,AZE,1989,4.83,32.97
Azerbaijan,AZE,1990,4.52,26.42
Azerbaijan,AZE,1991,4.87,28.04
Azerbaijan,AZE,1992,4.94,29.27
Azerbaijan,AZE,1993,4.42,26.13
Azerbaijan,AZE,1994,4.62,22.4
Azerbaijan,AZE,1995,3.34,21.25
Azerbaijan,AZE,1996,3.86,22.2
Azerbaijan,AZE,1997,3.87,22.35
Azerbaijan,AZE,1998,3.45,20.44
Azerbaijan,AZE,1999,3.96,21.34
Azerbaijan,AZE,2000,3.83,20.24
Azerbaijan,AZE,2001,4.05,21.35
Azerbaijan,AZE,2002,4.63,21.83
Bahamas,BHS,2002,4.8,19.7
Bahrain,BHR,2002,12.4,28.6
Bangladesh,BGD,2002,3.3,20.8
Barbados,BRB,2002,3,14.4
Belarus,BLR,1981,3.79,37.21
Belarus,BLR,1982,3.76,40.02
Belarus,BLR,1985,4.29,47.85
Belarus,BLR,1986,4.29,48.38
Belarus,BLR,1987,5.02,51.12
Belarus,BLR,1988,4.45,52.3
Belarus,BLR,1989,4.57,56.72
Belarus,BLR,1990,4.53,56.16
Belarus,BLR,1991,5.06,56.72
Belarus,BLR,1992,5.1,60.33
Belarus,BLR,1993,4.87,61.28
Belarus,BLR,1994,4.32,60.51
Belarus,BLR,1995,4.32,61.17
Belarus,BLR,1997,4.55,60.24
Belarus,BLR,1998,4.19,58.64
Belarus,BLR,1999,3.64,57.4
Belarus,BLR,2000,3.8,56.05
Belarus,BLR,2001,3.72,55.51
Belarus,BLR,2002,3.67,55.31
Belgium,BEL,2002,10.1,69.9
Belgium,BEL,1954,,26.63
Belgium,BEL,1955,,27.37
Belgium,BEL,1956,,30.3
Belgium,BEL,1957,,31.1
Belgium,BEL,1958,,32.37
Belgium,BEL,1959,,34.04
Belgium,BEL,1960,,37.91
Belgium,BEL,1961,,40.16
Belgium,BEL,1962,,42.12
Belgium,BEL,1963,,44.66
Belgium,BEL,1964,,46.06
Belgium,BEL,1965,,50.44
Belgium,BEL,1966,,50.56
Belgium,BEL,1967,,52.84
Belgium,BEL,1968,,54.48
Belgium,BEL,1969,,55.24
Belgium,BEL,1970,,58.76
Belgium,BEL,1971,,64.25
Belgium,BEL,1972,,66.43
Belgium,BEL,1973,,67.26
Belgium,BEL,1974,,66.83
Belgium,BEL,1975,,68.67
Belgium,BEL,1976,,70.74
Belgium,BEL,1977,,75.93
Belgium,BEL,1978,,76.88
Belgium,BEL,1979,,76
Belgium,BEL,1980,,77.9
Belgium,BEL,1981,,79.58
Belgium,BEL,1982,,78.13
Belgium,BEL,1983,,81.77
Belgium,BEL,1984,,80.69
Belgium,BEL,1985,,82.03
Belgium,BEL,1986,,79.52
Belgium,BEL,1987,,77.7
Belgium,BEL,1988,,77.94
Belgium,BEL,1989,,73.13
Belgium,BEL,1990,,72.59
Belgium,BEL,1991,,71.15
Belgium,BEL,1992,,71.97
Belgium,BEL,1993,,71.8
Belgium,BEL,1994,,69.24
Belgium,BEL,1995,,70.44
Belgium,BEL,1996,,65.93
Belgium,BEL,1997,,66.95
Belize,BLZ,1964,8.15,10.14
Belize,BLZ,1965,8.11,5.77
Belize,BLZ,1966,8.89,8.89
Belize,BLZ,1969,2.25,11.63
Belize,BLZ,1971,2.22,
Belize,BLZ,1972,5.05,13.86
Belize,BLZ,1973,6.91,5.5
Belize,BLZ,1975,2.67,2.59
Belize,BLZ,1977,2.38,7.82
Belize,BLZ,1980,2.6,
Belize,BLZ,1982,3.92,7.87
Belize,BLZ,1983,2.31,3.84
Belize,BLZ,1984,4.44,15.89
Belize,BLZ,1986,4.45,7.49
Belize,BLZ,1987,2.11,12.74
Belize,BLZ,1989,1.24,8.86
Belize,BLZ,1990,3.12,9.08
Belize,BLZ,1993,3.95,14.25
Belize,BLZ,1994,5.16,10.24
Belize,BLZ,1996,4.14,13.97
Belize,BLZ,1997,5.03,17.17
Belize,BLZ,1998,1.89,18.97
Belize,BLZ,1999,1.68,19.7
Belize,BLZ,2000,7.61,11.32
Belize,BLZ,2001,4.37,17.12
Belize,BLZ,2002,3.3,19.6
Belize,BLZ,1968,,8.28
Belize,BLZ,1970,,8.82
Belize,BLZ,1976,,5.5
Belize,BLZ,1978,,18.11
Belize,BLZ,1979,,1.85
Belize,BLZ,1991,,3.53
Belize,BLZ,1995,,16.63
Benin,BEN,2002,0.6,2.4
Bhutan,BTN,2002,2.2,11
Bolivia,BOL,2002,3.1,11.6
Bosnia and Herzegovina,BIH,2002,10.5,52.3
Botswana,BWA,2002,3,8.5
Brazil,BRA,1979,3.63,12.94
Brazil,BRA,1980,3.87,13.71
Brazil,BRA,1981,3.71,13.81
Brazil,BRA,1982,3.86,14.67
Brazil,BRA,1983,4.11,15.25
Brazil,BRA,1984,4.14,15.4
Brazil,BRA,1985,4.3,15.49
Brazil,BRA,1986,4.36,16.07
Brazil,BRA,1987,4.73,15.99
Brazil,BRA,1988,4.86,16.6
Brazil,BRA,1989,4.66,16.38
Brazil,BRA,1990,4.86,16.45
Brazil,BRA,1991,5.09,16.5
Brazil,BRA,1992,5.19,16.81
Brazil,BRA,1993,5.03,16.56
Brazil,BRA,1994,5.33,16.82
Brazil,BRA,1995,5.46,16.61
Brazil,BRA,1996,5.44,16.43
Brazil,BRA,1997,5.7,16.71
Brazil,BRA,1998,5.63,16.4
Brazil,BRA,1999,5.9,16.23
Brazil,BRA,2000,6.09,16.21
Brazil,BRA,2001,6.08,16.17
Brazil,BRA,2002,6.02,16.12
Brunei,BRN,2002,10.8,22.5
Bulgaria,BGR,1964,7.81,35.56
Bulgaria,BGR,1965,6.71,37.66
Bulgaria,BGR,1966,6.61,38.33
Bulgaria,BGR,1967,7.12,35.94
Bulgaria,BGR,1968,6.57,36.17
Bulgaria,BGR,1969,6.38,35.17
Bulgaria,BGR,1970,5.98,33.63
Bulgaria,BGR,1971,5.75,36.68
Bulgaria,BGR,1972,6.48,35.64
Bulgaria,BGR,1973,6.42,37.47
Bulgaria,BGR,1974,6.21,35.55
Bulgaria,BGR,1975,5.72,34.53
Bulgaria,BGR,1976,5.93,35.14
Bulgaria,BGR,1977,6.3,35.43
Bulgaria,BGR,1978,5.46,34.59
Bulgaria,BGR,1979,6.34,36.51
Bulgaria,BGR,1980,5.69,33.59
Bulgaria,BGR,1981,5.7,37.08
Bulgaria,BGR,1982,5.27,38.01
Bulgaria,BGR,1983,6.34,39.42
Bulgaria,BGR,1984,6.71,39.42
Bulgaria,BGR,1985,6.94,39.23
Bulgaria,BGR,1986,6.45,40.29
Bulgaria,BGR,1987,6.58,40.71
Bulgaria,BGR,1988,6.26,40.2
Bulgaria,BGR,1989,6.11,41.39
Bulgaria,BGR,1990,5.84,40.65
Bulgaria,BGR,1991,7.03,40.39
Bulgaria,BGR,1992,6.3,42.52
Bulgaria,BGR,1993,6.74,42.12
Bulgaria,BGR,1994,6.58,43.72
Bulgaria,BGR,1995,7.17,42.58
Bulgaria,BGR,1996,6.83,42.12
Bulgaria,BGR,1997,6.15,40.65
Bulgaria,BGR,1998,6.42,38.91
Bulgaria,BGR,1999,6.84,40
Bulgaria,BGR,2000,6.56,37.59
Bulgaria,BGR,2001,6.22,38
Bulgaria,BGR,2002,6.28,39.73
Burkina Faso,BFA,2002,2.1,4.6
Burundi,BDI,2002,2.1,3.5
Cambodia,KHM,2002,4.5,20.9
Cameroon,CMR,2002,0.3,3
Canada,CAN,1950,2.86,14.53
Canada,CAN,1951,3.28,14.82
Canada,CAN,1952,3.55,16.56
Canada,CAN,1953,3.35,17.93
Canada,CAN,1954,3.35,19.12
Canada,CAN,1955,4.18,20.27
Canada,CAN,1956,3.56,21.8
Canada,CAN,1957,3.45,22.47
Canada,CAN,1958,3.4,23.42
Canada,CAN,1959,3.58,24.27
Canada,CAN,1960,3.52,25.34
Canada,CAN,1961,3.91,27.08
Canada,CAN,1962,4.52,28.72
Canada,CAN,1963,4.28,30.43
Canada,CAN,1964,4.59,31.25
Canada,CAN,1965,5.03,32.22
Canada,CAN,1966,5.18,33.61
Canada,CAN,1967,5.64,36.82
Canada,CAN,1968,5.81,36.92
Canada,CAN,1969,5.95,38.46
Canada,CAN,1970,6.3,40.2
Canada,CAN,1971,6.49,41.82
Canada,CAN,1972,7.85,42.76
Canada,CAN,1973,8.23,44.21
Canada,CAN,1974,8.9,46.37
Canada,CAN,1975,9.32,45.7
Canada,CAN,1976,9.52,47.29
Canada,CAN,1977,10.8,48.94
Canada,CAN,1978,11.49,49.98
Canada,CAN,1979,12.55,50.99
Canada,CAN,1980,13.07,52.59
Canada,CAN,1981,13.89,51.9
Canada,CAN,1982,14.92,54.82
Canada,CAN,1983,15.25,55.24
Canada,CAN,1984,16.84,56.68
Canada,CAN,1985,18.13,54.71
Canada,CAN,1986,18.24,55.09
Canada,CAN,1987,19.23,54.68
Canada,CAN,1988,20.05,56.34
Canada,CAN,1989,20.07,56.12
Canada,CAN,1990,20.51,55.21
Canada,CAN,1991,21.98,54.74
Canada,CAN,1992,22.12,53.67
Canada,CAN,1993,23.3,53.42
Canada,CAN,1994,23.5,51.75
Canada,CAN,1995,22.77,49.49
Canada,CAN,1996,24.57,49.01
Canada,CAN,1997,23.33,46.93
Canada,CAN,1998,24.86,46.99
Canada,CAN,1999,24.88,47.07
Canada,CAN,2000,24.67,42.98
Canada,CAN,2001,24.4,43.01
Canada,CAN,2002,25.05,42.85
Cape Verde,CPV,2002,0.6,2.4
Central African Republic,CAF,2002,0.7,4.6
Chad,TCD,2002,0.7,4.6
Chile,CHL,1955,4.18,11.26
Chile,CHL,1956,3.77,12.3
Chile,CHL,1957,4.25,11
Chile,CHL,1958,4.16,10.8
Chile,CHL,1959,3.89,12.53
Chile,CHL,1960,4.45,12.77
Chile,CHL,1961,4.52,12.04
Chile,CHL,1962,4.34,12.39
Chile,CHL,1963,4.77,13.87
Chile,CHL,1964,4.47,13.2
Chile,CHL,1965,4.38,13.37
Chile,CHL,1966,4.77,14.09
Chile,CHL,1967,5.24,15.43
Chile,CHL,1968,4.36,16.18
Chile,CHL,1969,5.12,17.19
Chile,CHL,1970,5.01,16.78
Chile,CHL,1971,5.11,17.26
Chile,CHL,1972,4.35,17.45
Chile,CHL,1973,4.44,19.43
Chile,CHL,1974,4.63,17.14
Chile,CHL,1975,4.7,18.26
Chile,CHL,1976,5.27,19.18
Chile,CHL,1977,5.2,20.28
Chile,CHL,1978,4.51,19.38
Chile,CHL,1979,5.87,19.97
Chile,CHL,1980,5.56,21.26
Chile,CHL,1981,5.29,20.6
Chile,CHL,1982,5.41,22.33
Chile,CHL,1983,5.48,22.52
Chile,CHL,1984,5.76,21.52
Chile,CHL,1985,5.93,22.88
Chile,CHL,1986,5.92,21.22
Chile,CHL,1987,5.87,20.61
Chile,CHL,1988,5.56,20.95
Chile,CHL,1989,6.09,20.87
Chile,CHL,1990,6.17,21.16
Chile,CHL,1991,6.13,23.43
Chile,CHL,1992,6.32,22.34
Chile,CHL,1993,7.02,21.6
Chile,CHL,1994,6.36,20.4
Chile,CHL,1995,6.75,21.5
Chile,CHL,1996,7.12,21.86
Chile,CHL,1997,7.32,19.75
Chile,CHL,1998,6.65,20.03
Chile,CHL,1999,6.87,19.32
Chile,CHL,2000,6.92,19.03
Chile,CHL,2001,7.4,19.55
Chile,CHL,2002,7.32,18.89
China,CHN,2002,16.3,36.7
China,CHN,1987,,33.24
China,CHN,1988,,32.77
China,CHN,1989,,35.81
China,CHN,1990,,38.3
China,CHN,1991,,36.3
China,CHN,1992,,37.36
China,CHN,1993,,36.97
China,CHN,1994,,37.58
China,CHN,1995,,38.83
China,CHN,1996,,38.5
China,CHN,1997,,39.5
China,CHN,1998,,41.2
China,CHN,1999,,40.81
China,CHN,2000,,41.7
Colombia,COL,1953,2.42,5.33
Colombia,COL,1954,2.4,3.65
Colombia,COL,1955,2.34,3.67
Colombia,COL,1956,2.1,4.56
Colombia,COL,1957,2.26,4.79
Colombia,COL,1958,2.26,3.83
Colombia,COL,1959,2.09,5.11
Colombia,COL,1960,1.9,5.26
Colombia,COL,1961,2.41,4.84
Colombia,COL,1962,2.62,5.58
Colombia,COL,1963,2.39,5.89
Colombia,COL,1964,2.5,6.53
Colombia,COL,1965,2.82,5.83
Colombia,COL,1966,3.09,6.35
Colombia,COL,1967,2.98,7.01
Colombia,COL,1968,2.58,6.68
Colombia,COL,1969,2.58,6.47
Colombia,COL,1972,3.35,7.02
Colombia,COL,1974,3.4,7.53
Colombia,COL,1975,3.54,7.59
Colombia,COL,1976,4.04,8.94
Colombia,COL,1977,4.2,8.61
Colombia,COL,1984,5.14,11.84
Colombia,COL,1985,5.8,12.86
Colombia,COL,1986,5.62,13.22
Colombia,COL,1987,6.12,13.79
Colombia,COL,1988,5.79,13.18
Colombia,COL,1989,6.15,13.5
Colombia,COL,1990,5.87,13.23
Colombia,COL,1991,6.74,13.91
Colombia,COL,1992,6.7,13.5
Colombia,COL,1993,6.57,13.77
Colombia,COL,1994,6.19,13.76
Colombia,COL,1995,6.63,13.81
Colombia,COL,1996,6.97,13.97
Colombia,COL,1997,7.01,13.93
Colombia,COL,1998,6.35,13.24
Colombia,COL,1999,7.16,14.08
Colombia,COL,2001,6.88,14.06
Colombia,COL,2002,7.18,14.41
Comoros,COM,2002,2.1,3.5
Congo,COG,2002,0.5,3.6
Costa Rica,CRI,1961,1.99,2.73
Costa Rica,CRI,1962,2.19,4.99
Costa Rica,CRI,1963,2.94,3.94
Costa Rica,CRI,1964,3.83,5.77
Costa Rica,CRI,1965,1.72,4.17
Costa Rica,CRI,1966,2.34,4.76
Costa Rica,CRI,1967,3.14,5.09
Costa Rica,CRI,1968,3.54,7.87
Costa Rica,CRI,1969,3.36,4.99
Costa Rica,CRI,1970,3.32,5.02
Costa Rica,CRI,1971,4.02,4.84
Costa Rica,CRI,1972,4.03,8.19
Costa Rica,CRI,1973,2.4,6.19
Costa Rica,CRI,1974,4.72,7.47
Costa Rica,CRI,1975,5.06,9.54
Costa Rica,CRI,1976,3.75,8.98
Costa Rica,CRI,1977,4.31,9.11
Costa Rica,CRI,1978,4.46,9.32
Costa Rica,CRI,1979,3.77,8.83
Costa Rica,CRI,1980,5.1,10.19
Costa Rica,CRI,1981,6.05,12.61
Costa Rica,CRI,1982,6.19,12.55
Costa Rica,CRI,1983,4.28,13.03
Costa Rica,CRI,1984,5.19,14.21
Costa Rica,CRI,1985,5.39,13
Costa Rica,CRI,1986,4.73,10.89
Costa Rica,CRI,1987,6.16,12.72
Costa Rica,CRI,1988,4.35,14.22
Costa Rica,CRI,1989,6.87,12.79
Costa Rica,CRI,1990,4.65,13.38
Costa Rica,CRI,1991,4.76,11.1
Costa Rica,CRI,1992,4.51,12.31
Costa Rica,CRI,1993,5.01,13.12
Costa Rica,CRI,1994,4.5,12.44
Costa Rica,CRI,1995,4.91,11.26
Costa Rica,CRI,1996,5.09,13.91
Costa Rica,CRI,1997,5.76,12.17
Costa Rica,CRI,1998,3.82,10.57
Costa Rica,CRI,1999,4.88,12.18
Costa Rica,CRI,2000,5.34,11.26
Costa Rica,CRI,2001,4.37,11.11
Costa Rica,CRI,2002,3.69,9.7
Cote d'Ivoire,CIV,2002,1.2,6
Croatia,HRV,1985,6.54,61.36
Croatia,HRV,1986,8.32,61.16
Croatia,HRV,1987,7.83,66.38
Croatia,HRV,1988,7.97,68.88
Croatia,HRV,1989,8.63,67.04
Croatia,HRV,1990,8.51,68.41
Croatia,HRV,1991,8.78,66.02
Croatia,HRV,1992,8.61,62.2
Croatia,HRV,1993,7.31,61.18
Croatia,HRV,1994,8.04,59.73
Croatia,HRV,1995,7.57,57.07
Croatia,HRV,1996,9.01,59.75
Croatia,HRV,1997,8.48,61.66
Croatia,HRV,1998,9.93,62.57
Croatia,HRV,1999,8.8,61.28
Croatia,HRV,2000,10.39,58.44
Croatia,HRV,2001,9.61,61.9
Croatia,HRV,2002,10.21,58.98
Cuba,CUB,1964,13.88,34.95
Cuba,CUB,1968,12.79,34.62
Cuba,CUB,1969,11.58,36.34
Cuba,CUB,1970,14.87,38.54
Cuba,CUB,1971,13.67,39.17
Cuba,CUB,1972,13.93,39.65
Cuba,CUB,1973,14.75,40.06
Cuba,CUB,1974,13.38,39.06
Cuba,CUB,1975,13.22,36.96
Cuba,CUB,1976,13.11,39.99
Cuba,CUB,1977,13.12,39.53
Cuba,CUB,1978,11.36,36.81
Cuba,CUB,1979,12.62,38.4
Cuba,CUB,1980,12.18,37.08
Cuba,CUB,1981,11.83,38.17
Cuba,CUB,1982,12.22,37.46
Cuba,CUB,1983,13,37.11
Cuba,CUB,1984,13.49,38.47
Cuba,CUB,1985,13.09,37.18
Cuba,CUB,1986,13.39,37.67
Cuba,CUB,1987,13.31,37.08
Cuba,CUB,1988,13.6,38.33
Cuba,CUB,1989,13.71,36.39
Cuba,CUB,1990,13.37,36.57
Cuba,CUB,1991,13.13,36.59
Cuba,CUB,1992,14.24,35.98
Cuba,CUB,1993,13.53,33.47
Cuba,CUB,1994,12.12,34.66
Cuba,CUB,1995,12.75,34.71
Cuba,CUB,1996,13.31,35.52
Cuba,CUB,1997,13.94,34.36
Cuba,CUB,1998,13.74,35.08
Cuba,CUB,1999,13.72,33.96
Cuba,CUB,2000,14.65,33.71
Cuba,CUB,2001,14.62,33.43
Cuba,CUB,2002,15.64,35.8
Cyprus,CYP,2002,5.3,24.8
Czechia,CZE,1986,8.6,80.43
Czechia,CZE,1987,9.16,77.85
Czechia,CZE,1988,8.72,78.65
Czechia,CZE,1989,9.29,75.84
Czechia,CZE,1990,9.33,77.83
Czechia,CZE,1991,10.49,75.43
Czechia,CZE,1992,10.71,75.67
Czechia,CZE,1993,10.12,73.28
Czechia,CZE,1994,11.23,68.41
Czechia,CZE,1995,11.66,70.02
Czechia,CZE,1996,11.66,66.19
Czechia,CZE,1997,11.31,65.6
Czechia,CZE,1998,11.61,61.26
Czechia,CZE,1999,12.55,61.74
Czechia,CZE,2000,12.53,61.98
Czechia,CZE,2001,13.03,58.58
Czechia,CZE,2002,12.32,57.02
Czechoslovakia,OWID_CZS,1953,4.91,28.43
Czechoslovakia,OWID_CZS,1954,5.31,31.58
Czechoslovakia,OWID_CZS,1955,5.68,34.97
Czechoslovakia,OWID_CZS,1956,5.39,36.65
Czechoslovakia,OWID_CZS,1957,5.5,38.54
Czechoslovakia,OWID_CZS,1958,5.31,41.06
Czechoslovakia,OWID_CZS,1959,5.74,44.11
Czechoslovakia,OWID_CZS,1960,5.1,47.27
Czechoslovakia,OWID_CZS,1961,5.43,50.48
Czechoslovakia,OWID_CZS,1962,5.53,52.08
Czechoslovakia,OWID_CZS,1963,5.52,55.23
Czechoslovakia,OWID_CZS,1964,6.11,56.64
Czechoslovakia,OWID_CZS,1965,5.77,57.88
Czechoslovakia,OWID_CZS,1966,5.66,60.53
Czechoslovakia,OWID_CZS,1967,5.77,62.11
Czechoslovakia,OWID_CZS,1968,5.45,59.99
Czechoslovakia,OWID_CZS,1969,6.24,61.08
Czechoslovakia,OWID_CZS,1970,5.67,61.8
Czechoslovakia,OWID_CZS,1971,5.35,63.54
Czechoslovakia,OWID_CZS,1972,5.49,62.23
Czechoslovakia,OWID_CZS,1973,5.36,63.52
Czechoslovakia,OWID_CZS,1974,5.41,65.52
Czechoslovakia,OWID_CZS,1975,5.58,66.35
Czechoslovakia,OWID_CZS,1976,5.91,65.76
Czechoslovakia,OWID_CZS,1977,5.99,67.65
Czechoslovakia,OWID_CZS,1978,6.96,68.63
Czechoslovakia,OWID_CZS,1979,6.6,67.55
Czechoslovakia,OWID_CZS,1980,6.67,70.23
Czechoslovakia,OWID_CZS,1981,6.75,69.6
Czechoslovakia,OWID_CZS,1982,6.65,69.95
Czechoslovakia,OWID_CZS,1983,7.41,71.64
Czechoslovakia,OWID_CZS,1984,7.58,72.73
Czechoslovakia,OWID_CZS,1985,7.62,72.65
Czechoslovakia,OWID_CZS,1986,7.98,74.95
Czechoslovakia,OWID_CZS,1987,8.34,73.76
Czechoslovakia,OWID_CZS,1988,7.95,74.68
Czechoslovakia,OWID_CZS,1989,8.53,73.58
Czechoslovakia,OWID_CZS,1990,8.49,74.79
Czechoslovakia,OWID_CZS,1991,9.44,72.66
Democratic Republic of Congo,COD,2002,0.6,4.4
Denmark,DNK,1951,3.64,15.82
Denmark,DNK,1952,4.25,18.34
Denmark,DNK,1953,4.38,18.08
Denmark,DNK,1954,4.1,18.64
Denmark,DNK,1955,4.61,21.56
Denmark,DNK,1956,3.75,23.68
Denmark,DNK,1957,5.21,24.69
Denmark,DNK,1958,4.45,23.84
Denmark,DNK,1959,4.72,28.82
Denmark,DNK,1960,5.78,29.27
Denmark,DNK,1961,5.37,32.26
Denmark,DNK,1962,5.96,31.2
Denmark,DNK,1963,6.09,35
Denmark,DNK,1964,6.41,35.72
Denmark,DNK,1965,6.94,38.26
Denmark,DNK,1966,6.59,37.57
Denmark,DNK,1967,8.38,39.6
Denmark,DNK,1968,7.23,40.71
Denmark,DNK,1969,8.26,41.74
Denmark,DNK,1970,8.75,40.76
Denmark,DNK,1971,9.26,44.27
Denmark,DNK,1972,10.24,48.78
Denmark,DNK,1973,9.22,45.12
Denmark,DNK,1974,9.92,47.2
Denmark,DNK,1975,10.83,46.36
Denmark,DNK,1976,13.22,46.9
Denmark,DNK,1977,11.72,48.11
Denmark,DNK,1978,13.13,52.35
Denmark,DNK,1979,14.64,52.93
Denmark,DNK,1980,14.37,52.84
Denmark,DNK,1981,16.34,54.48
Denmark,DNK,1982,16.03,54.51
Denmark,DNK,1983,19.92,54.66
Denmark,DNK,1984,21.09,54.9
Denmark,DNK,1985,19.84,55.83
Denmark,DNK,1986,19.87,54.55
Denmark,DNK,1987,22.93,54.03
Denmark,DNK,1988,24.08,52.91
Denmark,DNK,1989,21.72,53.82
Denmark,DNK,1990,23.84,52.46
Denmark,DNK,1991,25.8,48.33
Denmark,DNK,1992,24.47,49.02
Denmark,DNK,1993,25.38,51.92
Denmark,DNK,1994,28.3,49.18
Denmark,DNK,1995,28.13,49.72
Denmark,DNK,1996,27.61,48.44
Denmark,DNK,1997,29.39,46.44
Denmark,DNK,1998,27.18,43.19
Denmark,DNK,1999,28.17,43.81
Denmark,DNK,2000,27.35,44.2
Denmark,DNK,2001,28.05,42.15
Denmark,DNK,2002,27.8,40.1
Djibouti,DJI,2002,2.1,3.5
Dominican Republic,DOM,1965,1.26,3.51
Dominican Republic,DOM,1966,1.57,2.77
Dominican Republic,DOM,1967,2.12,3.9
Dominican Republic,DOM,1968,1.97,4.46
Dominican Republic,DOM,1969,1.64,3.11
Dominican Republic,DOM,1970,0.93,3.7
Dominican Republic,DOM,1971,3.02,4.13
Dominican Republic,DOM,1972,1.47,4.56
Dominican Republic,DOM,1973,1.57,3.57
Dominican Republic,DOM,1974,1.75,3.65
Dominican Republic,DOM,1975,1.39,3.52
Dominican Republic,DOM,1976,1.57,3.9
Dominican Republic,DOM,1977,2.82,4.2
Dominican Republic,DOM,1978,2.21,3.96
Dominican Republic,DOM,1979,1.85,3.84
Dominican Republic,DOM,1980,2.27,4.8
Dominican Republic,DOM,1981,2.07,5.81
Dominican Republic,DOM,1982,2.76,6.06
Dominican Republic,DOM,1983,3.38,6.69
Dominican Republic,DOM,1984,2.97,6.56
Dominican Republic,DOM,1985,1.92,6.47
Dominican Republic,DOM,1986,2.77,5.67
Dominican Republic,DOM,1987,3.37,6.21
Dominican Republic,DOM,1988,3.07,6.27
Dominican Republic,DOM,1989,3.65,6.17
Dominican Republic,DOM,1990,2.56,6.42
Dominican Republic,DOM,1991,3.1,5.25
Dominican Republic,DOM,1992,2.84,5.68
Dominican Republic,DOM,1994,3.07,5.81
Dominican Republic,DOM,1995,2.98,5.21
Dominican Republic,DOM,1996,3.3,6.65
Dominican Republic,DOM,1997,4.34,6.72
Dominican Republic,DOM,1998,4.52,7.38
Dominican Republic,DOM,1999,4.5,8.29
Dominican Republic,DOM,2000,3.19,7.05
Dominican Republic,DOM,2001,4.62,7.19
Dominican Republic,DOM,2002,4.0525,6.985
Ecuador,ECU,1961,1.84,2.64
Ecuador,ECU,1963,1.94,3.49
Ecuador,ECU,1964,2.35,2.83
Ecuador,ECU,1968,2.01,2.57
Ecuador,ECU,1969,2.35,4.13
Ecuador,ECU,1970,1.61,3.55
Ecuador,ECU,1971,1.75,3.92
Ecuador,ECU,1972,1.77,3.86
Ecuador,ECU,1973,1.55,3.16
Ecuador,ECU,1974,1.58,3.68
Ecuador,ECU,1975,1.87,3.36
Ecuador,ECU,1977,1.5,3.96
Ecuador,ECU,1978,1.43,4.15
Ecuador,ECU,1979,2.11,5.48
Ecuador,ECU,1980,2.08,5.2
Ecuador,ECU,1981,2.51,5.37
Ecuador,ECU,1982,2.75,5.98
Ecuador,ECU,1983,2.06,6.35
Ecuador,ECU,1984,2.76,6.23
Ecuador,ECU,1985,2.37,7.39
Ecuador,ECU,1986,2.8,6.38
Ecuador,ECU,1987,2.55,6.73
Ecuador,ECU,1988,2.68,6.52
Ecuador,ECU,1989,2.96,6.52
Ecuador,ECU,1990,2.66,7.31
Ecuador,ECU,1991,2.92,7.25
Ecuador,ECU,1992,2.73,7.47
Ecuador,ECU,1993,3.15,7.43
Ecuador,ECU,1994,3.26,6.28
Ecuador,ECU,1995,4.48,7.14
Ecuador,ECU,1996,3.79,6.57
Ecuador,ECU,1997,3.89,6.98
Ecuador,ECU,1998,3.69,7.05
Ecuador,ECU,1999,3.83,6.1
Ecuador,ECU,2000,3.3,6.53
Ecuador,ECU,2001,3.8,6.44
Ecuador,ECU,2002,3.52,7.18
Egypt,EGY,2002,2.8,8.4
El Salvador,SLV,1950,0.68,0.42
El Salvador,SLV,1951,0.45,1.82
El Salvador,SLV,1952,0.23,0.76
El Salvador,SLV,1953,0.93,1.25
El Salvador,SLV,1954,1.22,1.36
El Salvador,SLV,1955,0.65,0.87
El Salvador,SLV,1956,0.54,2.22
El Salvador,SLV,1957,0.61,1.74
El Salvador,SLV,1958,0.99,1.65
El Salvador,SLV,1959,0.84,1.82
El Salvador,SLV,1960,0.77,1.44
El Salvador,SLV,1961,2.06,2.57
El Salvador,SLV,1962,1.11,0.39
El Salvador,SLV,1963,0.82,1.31
El Salvador,SLV,1964,0.91,1.58
El Salvador,SLV,1965,0.83,1.17
El Salvador,SLV,1966,1.03,0.83
El Salvador,SLV,1967,2.12,1.55
El Salvador,SLV,1968,0.85,1.3
El Salvador,SLV,1969,1.5,1.34
El Salvador,SLV,1970,1.2,1.48
El Salvador,SLV,1971,0.92,1.01
El Salvador,SLV,1972,1.19,1.65
El Salvador,SLV,1973,1.01,2.63
El Salvador,SLV,1974,1.46,2.63
El Salvador,SLV,1981,1.81,2.06
El Salvador,SLV,1982,1.46,2.01
El Salvador,SLV,1983,1.4,2.19
El Salvador,SLV,1984,1.17,2
El Salvador,SLV,1990,1.74,3.75
El Salvador,SLV,1991,2.09,2.6
El Salvador,SLV,1992,1.74,3
El Salvador,SLV,1993,2.17,3.78
El Salvador,SLV,1995,1.77,2.43
El Salvador,SLV,1996,3.73,4.68
El Salvador,SLV,1997,2.96,4.09
El Salvador,SLV,1998,2.54,3.95
El Salvador,SLV,1999,2.85,3.4
El Salvador,SLV,2000,3.72,4.74
El Salvador,SLV,2001,3.84,5.54
El Salvador,SLV,2002,3.19,5.95
Equatorial Guinea,GNQ,2002,0.7,4.6
Eritrea,ERI,2002,2.1,3.5
Estonia,EST,1981,7.44,60.89
Estonia,EST,1982,5.87,63.58
Estonia,EST,1985,5.88,59.34
Estonia,EST,1986,6.4,60.51
Estonia,EST,1987,7.19,61.73
Estonia,EST,1988,7.69,69.65
Estonia,EST,1989,8.28,67.82
Estonia,EST,1990,7.17,65.05
Estonia,EST,1991,7.99,78.82
Estonia,EST,1992,7.49,70.7
Estonia,EST,1993,7.58,67.6
Estonia,EST,1994,7.04,66.93
Estonia,EST,1995,6.86,70.93
Estonia,EST,1996,7.3,63.57
Estonia,EST,1997,8.84,65.87
Estonia,EST,1998,7.1,65.85
Estonia,EST,1999,7.33,59.57
Estonia,EST,2000,7.1,62.2
Estonia,EST,2001,7.82,59.68
Estonia,EST,2002,7.65,60.51
Eswatini,SWZ,2002,1.4,9.3
Ethiopia,ETH,2002,3.1,2.6
Fiji,FJI,2002,1.6,0.4
Finland,FIN,1952,4.81,39.72
Finland,FIN,1953,3.63,48.49
Finland,FIN,1954,4.2,43.84
Finland,FIN,1955,4.55,48.1
Finland,FIN,1956,3.29,45.12
Finland,FIN,1957,4.4,52.52
Finland,FIN,1958,4.01,56.49
Finland,FIN,1959,4.32,57.09
Finland,FIN,1960,2.75,58.56
Finland,FIN,1961,3.79,58.78
Finland,FIN,1962,3.63,61.43
Finland,FIN,1963,4.24,61.99
Finland,FIN,1964,3.96,61.91
Finland,FIN,1965,3.87,63.55
Finland,FIN,1966,3.9,62.31
Finland,FIN,1967,4.19,64.07
Finland,FIN,1968,4.18,67.02
Finland,FIN,1969,3.98,69.76
Finland,FIN,1970,3.86,67.12
Finland,FIN,1971,4.31,70.21
Finland,FIN,1972,4.81,64.51
Finland,FIN,1973,3.53,65.83
Finland,FIN,1974,4.19,65.21
Finland,FIN,1975,4.28,60.79
Finland,FIN,1976,5.27,68.74
Finland,FIN,1977,5.38,66.17
Finland,FIN,1978,5.28,65.94
Finland,FIN,1979,5.27,67.23
Finland,FIN,1980,6.18,64.89
Finland,FIN,1981,5.78,65.29
Finland,FIN,1982,5.7,58.56
Finland,FIN,1983,5.42,61.49
Finland,FIN,1984,6.18,58.15
Finland,FIN,1985,6.8,58.08
Finland,FIN,1986,6.25,53.13
Finland,FIN,1987,6.58,53.53
Finland,FIN,1988,6.31,50.84
Finland,FIN,1989,6.48,47.61
Finland,FIN,1990,6.81,48.56
Finland,FIN,1991,6.86,44.45
Finland,FIN,1992,7.38,47.25
Finland,FIN,1993,6.61,44.38
Finland,FIN,1994,6.85,41.07
Finland,FIN,1995,7.02,41.3
Finland,FIN,1996,7.05,39.4
Finland,FIN,1997,7.19,37.67
Finland,FIN,1998,8.08,37.42
Finland,FIN,1999,6.94,34.49
Finland,FIN,2000,7.6,33.48
Finland,FIN,2001,8.1,32.83
Finland,FIN,2002,8.07,31.41
France,FRA,1950,3.09,10.66
France,FRA,1952,3.32,13.53
France,FRA,1953,3.27,14.37
France,FRA,1954,3.35,15.97
France,FRA,1955,3.35,16.39
France,FRA,1956,3.32,17.27
France,FRA,1957,3.51,19.44
France,FRA,1958,3.34,19.42
France,FRA,1959,3.41,20.71
France,FRA,1960,3.37,21.84
France,FRA,1961,3.42,23.16
France,FRA,1962,3.53,24
France,FRA,1963,3.81,25.74
France,FRA,1964,3.7,26.42
France,FRA,1965,3.67,27.64
France,FRA,1966,3.79,29.03
France,FRA,1967,3.93,29.53
France,FRA,1968,3.54,30.14
France,FRA,1969,3.46,31.15
France,FRA,1970,3.34,30.96
France,FRA,1971,3.46,32.46
France,FRA,1972,3.49,34.16
France,FRA,1973,3.5,34.66
France,FRA,1974,3.58,36.03
France,FRA,1975,3.57,37.1
France,FRA,1976,3.6,39.3
France,FRA,1977,3.62,39.95
France,FRA,1978,3.79,41.95
France,FRA,1979,3.68,42.27
France,FRA,1980,3.82,43.36
France,FRA,1981,4.04,44.26
France,FRA,1982,4.06,44.21
France,FRA,1983,4.26,44.1
France,FRA,1984,4.13,44.97
France,FRA,1985,4.36,45.79
France,FRA,1986,4.48,46.65
France,FRA,1987,4.99,47.43
France,FRA,1988,5.04,47.98
France,FRA,1989,5.18,48.06
France,FRA,1990,5.15,47.57
France,FRA,1991,5.38,48.38
France,FRA,1992,5.4,48.23
France,FRA,1993,5.66,47.87
France,FRA,1994,5.85,46.49
France,FRA,1995,6.26,46.83
France,FRA,1996,6.46,46.52
France,FRA,1997,6.44,46.02
France,FRA,1998,7.13,46.43
France,FRA,1999,7.44,45.64
France,FRA,2000,7.25,44.61
France,FRA,2001,7.54,43.97
France,FRA,2002,8.22,43.64
French Polynesia,PYF,2002,0.9,16
Gabon,GAB,2002,1.7,9.5
Gambia,GMB,2002,0.6,4.9
Georgia,GEO,2002,6.1,31.6
Germany,DEU,1973,4.7,46.91
Germany,DEU,1974,4.87,47.41
Germany,DEU,1975,5.01,48.31
Germany,DEU,1976,5.16,48.66
Germany,DEU,1977,5.1,49.08
Germany,DEU,1978,5.31,49.96
Germany,DEU,1980,5.57,49.66
Germany,DEU,1981,5.81,49.61
Germany,DEU,1982,6.03,49.67
Germany,DEU,1983,6.4,50.06
Germany,DEU,1984,6.47,49.59
Germany,DEU,1985,6.46,50.04
Germany,DEU,1986,6.88,49.02
Germany,DEU,1987,7.23,48.81
Germany,DEU,1988,7.25,49.24
Germany,DEU,1989,7.62,48.72
Germany,DEU,1990,7.86,48.35
Germany,DEU,1991,8.35,48.44
Germany,DEU,1992,8.46,47.86
Germany,DEU,1993,8.85,47.9
Germany,DEU,1994,9.16,46.33
Germany,DEU,1995,9.19,46.61
Germany,DEU,1996,9.36,44.85
Germany,DEU,1997,9.81,44
Germany,DEU,1998,10.14,43.21
Germany,DEU,1999,10.2,41.65
Germany,DEU,2000,10.72,42.07
Germany,DEU,2001,10.78,40.15
Germany,DEU,2002,11.13,39.52
Ghana,GHA,2002,0.6,2.4
Greece,GRC,1961,4.74,24.32
Greece,GRC,1962,4.6,28.58
Greece,GRC,1963,5.93,28.73
Greece,GRC,1964,5.06,29.83
Greece,GRC,1965,6.38,31.68
Greece,GRC,1966,6.1,30.86
Greece,GRC,1967,6.08,32.57
Greece,GRC,1968,5.48,32.02
Greece,GRC,1969,5.91,32.21
Greece,GRC,1970,6.04,31.19
Greece,GRC,1971,5,31.84
Greece,GRC,1972,5.82,33.34
Greece,GRC,1973,6.15,38.56
Greece,GRC,1974,6.07,40.57
Greece,GRC,1975,6.73,38.98
Greece,GRC,1976,6.08,42.2
Greece,GRC,1977,7.01,43
Greece,GRC,1978,6.89,44.71
Greece,GRC,1979,6.85,45.37
Greece,GRC,1980,6.04,43.11
Greece,GRC,1981,6.02,44.73
Greece,GRC,1982,6.4,45.99
Greece,GRC,1983,6.23,47.35
Greece,GRC,1984,6.33,47.44
Greece,GRC,1985,7.16,49.5
Greece,GRC,1986,6.48,48.81
Greece,GRC,1987,6.29,48.38
Greece,GRC,1988,6.99,48.46
Greece,GRC,1989,6.68,50.31
Greece,GRC,1990,7.34,49.38
Greece,GRC,1991,7.1,49.97
Greece,GRC,1992,6.97,49.1
Greece,GRC,1993,6.75,50.62
Greece,GRC,1994,6.98,50.75
Greece,GRC,1995,7.18,49.69
Greece,GRC,1996,7.1,49.93
Greece,GRC,1997,6.93,49.21
Greece,GRC,1998,7.28,48.41
Greece,GRC,1999,6.73,48.9
Greece,GRC,2000,7.4,48.76
Greece,GRC,2001,7.1,48.37
Greece,GRC,2002,7.27,46.22
Guam,GUM,2002,14.2,40.5
Guatemala,GTM,1963,1.14,1.53
Guatemala,GTM,1964,1.13,2.69
Guatemala,GTM,1965,1.63,2.34
Guatemala,GTM,1966,0.95,1.71
Guatemala,GTM,1967,1.29,1.68
Guatemala,GTM,1968,1.51,2.52
Guatemala,GTM,1969,0.6,2.76
Guatemala,GTM,1970,0.67,1.24
Guatemala,GTM,1971,1.52,1.53
Guatemala,GTM,1974,1.6,2.66
Guatemala,GTM,1975,1.88,2.28
Guatemala,GTM,1976,1.6,2.42
Guatemala,GTM,1977,1.34,2.11
Guatemala,GTM,1978,1.45,1.76
Guatemala,GTM,1980,1.16,2.53
Guatemala,GTM,1981,1.03,2.3
Guatemala,GTM,1984,2.09,0.84
Guatemala,GTM,1986,2.15,2.68
Guatemala,GTM,1987,2.73,3.06
Guatemala,GTM,1988,2.17,2.87
Guatemala,GTM,1989,2.73,3.47
Guatemala,GTM,1990,2.42,3.81
Guatemala,GTM,1991,2.27,4.16
Guatemala,GTM,1992,2.62,3.43
Guatemala,GTM,1993,3.09,2.98
Guatemala,GTM,1994,3.8,4.84
Guatemala,GTM,1995,3.69,4.04
Guatemala,GTM,1996,2.48,3.28
Guatemala,GTM,1997,3.68,6.33
Guatemala,GTM,1998,3.21,5.06
Guatemala,GTM,1999,4.14,5.76
Guatemala,GTM,2000,3.66,6.18
Guatemala,GTM,2001,4.09,5.72
Guatemala,GTM,2002,4.04,5.7
Guatemala,GTM,1979,,0.49
Guinea,GIN,2002,1.5,7.5
Guinea-Bissau,GNB,2002,0.6,2.4
Guyana,GUY,2002,4.8,7.2
Haiti,HTI,2002,0.4,10.1
Honduras,HND,2002,5.9,14.7
Hong Kong,HKG,1960,11.76,18.92
Hong Kong,HKG,1961,10.36,22.25
Hong Kong,HKG,1962,11.63,22.9
Hong Kong,HKG,1963,12.93,25.48
Hong Kong,HKG,1964,13.87,28.51
Hong Kong,HKG,1965,15.47,30.85
Hong Kong,HKG,1966,17.16,31.16
Hong Kong,HKG,1967,18.04,32.82
Hong Kong,HKG,1968,17.3,33.82
Hong Kong,HKG,1969,19.44,40.35
Hong Kong,HKG,1970,18.81,37.85
Hong Kong,HKG,1971,20.98,40.12
Hong Kong,HKG,1972,19.73,41.79
Hong Kong,HKG,1973,20.93,43.87
Hong Kong,HKG,1974,20.06,44.07
Hong Kong,HKG,1975,22.59,46.51
Hong Kong,HKG,1976,24.75,48.53
Hong Kong,HKG,1977,23.52,53.35
Hong Kong,HKG,1978,23.92,54.54
Hong Kong,HKG,1979,23.94,54.87
Hong Kong,HKG,1980,22.19,60.4
Hong Kong,HKG,1981,22.84,53.45
Hong Kong,HKG,1982,25.09,53.86
Hong Kong,HKG,1983,21.46,55.48
Hong Kong,HKG,1984,23.94,54.56
Hong Kong,HKG,1985,24.03,54.46
Hong Kong,HKG,1986,25.22,57.17
Hong Kong,HKG,1987,24.71,57.4
Hong Kong,HKG,1988,23.57,51.48
Hong Kong,HKG,1989,22.96,56.83
Hong Kong,HKG,1990,23.3,58.06
Hong Kong,HKG,1991,22.97,54.62
Hong Kong,HKG,1992,24.45,55.31
Hong Kong,HKG,1993,23.6,55.48
Hong Kong,HKG,1994,21.04,53.96
Hong Kong,HKG,1995,19.87,51.54
Hong Kong,HKG,1996,19.21,49.24
Hong Kong,HKG,1997,18.68,48.8
Hong Kong,HKG,1998,19.56,49.11
Hong Kong,HKG,1999,18.78,49.37
Hong Kong,HKG,2000,18.52,51.14
Hong Kong,HKG,2001,18.64,46.98
Hong Kong,HKG,2002,18.18,46.38
Hungary,HUN,1955,5.31,21.09
Hungary,HUN,1956,5.31,22.64
Hungary,HUN,1957,5.7,23.5
Hungary,HUN,1958,6.14,23.99
Hungary,HUN,1959,6.23,27.88
Hungary,HUN,1960,6.32,27.34
Hungary,HUN,1961,6.68,30.22
Hungary,HUN,1962,7.22,30.01
Hungary,HUN,1963,7.21,32.23
Hungary,HUN,1964,7.57,32.68
Hungary,HUN,1965,7.23,36.12
Hungary,HUN,1966,7.57,37.58
Hungary,HUN,1967,6.99,39.15
Hungary,HUN,1968,7.63,40.03
Hungary,HUN,1969,7.01,40.86
Hungary,HUN,1970,7.63,40.14
Hungary,HUN,1971,7.85,43.08
Hungary,HUN,1972,7.69,42.35
Hungary,HUN,1973,8.68,43.44
Hungary,HUN,1974,8.67,47.65
Hungary,HUN,1975,8.03,47.25
Hungary,HUN,1976,8.96,49.03
Hungary,HUN,1977,8.47,50.51
Hungary,HUN,1978,9.61,54.69
Hungary,HUN,1979,9.29,56.45
Hungary,HUN,1980,10.26,57.1
Hungary,HUN,1981,9.89,60.91
Hungary,HUN,1982,10.94,63.43
Hungary,HUN,1983,11.41,64.69
Hungary,HUN,1984,11.34,67.33
Hungary,HUN,1985,11.62,67.25
Hungary,HUN,1986,12.43,73.45
Hungary,HUN,1987,13.69,75.63
Hungary,HUN,1988,13.84,73.66
Hungary,HUN,1989,14.6,74.87
Hungary,HUN,1990,15.57,78.95
Hungary,HUN,1991,15.92,80.22
Hungary,HUN,1992,16.82,83.14
Hungary,HUN,1993,18.05,83.6
Hungary,HUN,1994,17.42,84.53
Hungary,HUN,1995,18.77,82.91
Hungary,HUN,1996,20.31,84.75
Hungary,HUN,1997,19.72,84.08
Hungary,HUN,1998,20.08,84.93
Hungary,HUN,1999,20.91,82.96
Hungary,HUN,2000,21.38,81.35
Hungary,HUN,2001,21.67,80.22
Hungary,HUN,2002,22.69,78.66
Iceland,ISL,1951,1.01,6.18
Iceland,ISL,1952,3.74,
Iceland,ISL,1953,2.43,8.49
Iceland,ISL,1954,7.42,6.81
Iceland,ISL,1956,3.09,9.52
Iceland,ISL,1957,6.75,8.63
Iceland,ISL,1958,2.1,7.08
Iceland,ISL,1959,6.56,12.9
Iceland,ISL,1960,13.42,9.58
Iceland,ISL,1961,3,9.1
Iceland,ISL,1962,2.55,13.35
Iceland,ISL,1963,2.88,11.06
Iceland,ISL,1964,10.39,14.52
Iceland,ISL,1965,5.67,10.65
Iceland,ISL,1966,8.89,11.54
Iceland,ISL,1967,8.84,21.18
Iceland,ISL,1968,7.3,16.08
Iceland,ISL,1969,10.84,11.73
Iceland,ISL,1970,5.17,17.18
Iceland,ISL,1971,11.23,10
Iceland,ISL,1972,12.05,19.06
Iceland,ISL,1973,9.12,14.06
Iceland,ISL,1974,9.68,14.17
Iceland,ISL,1975,11.8,19.49
Iceland,ISL,1976,9.52,16.02
Iceland,ISL,1977,14.12,23.55
Iceland,ISL,1978,11.32,20.85
Iceland,ISL,1979,16.67,25.69
Iceland,ISL,1980,21,15.29
Iceland,ISL,1981,22.65,33.64
Iceland,ISL,1982,26,29.96
Iceland,ISL,1983,20.16,27.48
Iceland,ISL,1984,17.32,20.53
Iceland,ISL,1985,17.7,32.01
Iceland,ISL,1986,20.84,24.41
Iceland,ISL,1987,20.59,27.62
Iceland,ISL,1988,28.32,30.6
Iceland,ISL,1989,23.52,26.57
Iceland,ISL,1990,21.87,30.4
Iceland,ISL,1991,22.31,35.35
Iceland,ISL,1992,29.95,27.38
Iceland,ISL,1993,23.79,29.74
Iceland,ISL,1994,27.69,22.99
Iceland,ISL,1995,21.38,29.19
Iceland,ISL,1996,25.84,34.24
Iceland,ISL,1997,26.57,36.04
Iceland,ISL,1998,23.88,29.35
Iceland,ISL,1999,25.15,32.93
Iceland,ISL,2000,26.19,26.27
Iceland,ISL,2001,23.77,30.45
Iceland,ISL,2002,22.95,25.06
Iceland,ISL,1955,,9.75
India,IND,2002,1.7,7.9
Indonesia,IDN,2002,6.3,18.6
Iran,IRN,2002,2.1,6.7
Iraq,IRQ,2002,6.2,21.1
Ireland,IRL,1950,3.12,10.21
Ireland,IRL,1951,4.18,12.5
Ireland,IRL,1952,4.67,14.46
Ireland,IRL,1953,4.7,16.65
Ireland,IRL,1954,5.88,18.09
Ireland,IRL,1955,5.53,19.13
Ireland,IRL,1956,4.74,21.95
Ireland,IRL,1957,7.06,22.1
Ireland,IRL,1958,5.48,21.66
Ireland,IRL,1959,5.12,24.6
Ireland,IRL,1960,5.93,26.37
Ireland,IRL,1961,5.87,27.89
Ireland,IRL,1962,7.74,28.51
Ireland,IRL,1963,6.31,27.59
Ireland,IRL,1964,6.74,28.62
Ireland,IRL,1965,7.76,31.39
Ireland,IRL,1966,7.56,34.38
Ireland,IRL,1967,8.83,34.41
Ireland,IRL,1968,9.73,38.36
Ireland,IRL,1969,8.97,36.31
Ireland,IRL,1970,10.13,40.38
Ireland,IRL,1971,11.44,40.23
Ireland,IRL,1972,11.99,39.57
Ireland,IRL,1973,11.06,43.06
Ireland,IRL,1974,14.31,43.54
Ireland,IRL,1975,13.87,44.72
Ireland,IRL,1976,13.46,48.34
Ireland,IRL,1977,13.26,46.37
Ireland,IRL,1978,14.17,46.35
Ireland,IRL,1979,15.56,46.66
Ireland,IRL,1980,15,44.93
Ireland,IRL,1981,16.22,49.81
Ireland,IRL,1982,16.54,45.72
Ireland,IRL,1983,18.44,50.21
Ireland,IRL,1984,18.82,51.93
Ireland,IRL,1985,17.53,52.44
Ireland,IRL,1986,17.75,51.92
Ireland,IRL,1987,16.45,46.78
Ireland,IRL,1988,19.31,49.55
Ireland,IRL,1989,20.01,47.2
Ireland,IRL,1990,18.52,46.57
Ireland,IRL,1991,16.87,44.86
Ireland,IRL,1992,17.94,45.97
Ireland,IRL,1993,17.48,47.26
Ireland,IRL,1994,18.63,45.31
Ireland,IRL,1995,18.5,43.36
Ireland,IRL,1996,16.63,40.01
Ireland,IRL,1997,16.07,37.09
Ireland,IRL,1998,18.47,39.79
Ireland,IRL,1999,16.83,36.67
Ireland,IRL,2000,18.85,38.06
Ireland,IRL,2001,16.42,35.93
Ireland,IRL,2002,16.81,35.14
Israel,ISR,1975,7.07,26.18
Israel,ISR,1976,7.84,26.2
Israel,ISR,1977,8.62,25.61
Israel,ISR,1978,8.21,25.37
Israel,ISR,1979,8.18,26.13
Israel,ISR,1980,8.83,27.21
Israel,ISR,1981,8.11,23.28
Israel,ISR,1982,7.68,25.23
Israel,ISR,1983,7.85,24.09
Israel,ISR,1984,7.97,25.17
Israel,ISR,1985,7.73,25.92
Israel,ISR,1986,8.36,24.44
Israel,ISR,1987,8.25,23.5
Israel,ISR,1988,7.75,24.06
Israel,ISR,1989,8.42,26.48
Israel,ISR,1990,8.96,28.3
Israel,ISR,1991,8.12,27.04
Israel,ISR,1992,8.04,26.03
Israel,ISR,1993,9.29,29.51
Israel,ISR,1994,8.94,28.7
Israel,ISR,1995,9.77,27.34
Israel,ISR,1996,7.83,26.8
Israel,ISR,1997,8.79,26.61
Israel,ISR,1998,7.71,27.37
Israel,ISR,1999,8.08,27.23
Israel,ISR,2000,9.51,26.8
Israel,ISR,2001,8.88,27.07
Israel,ISR,2002,9.11,28.12
Italy,ITA,1951,2.57,9.45
Italy,ITA,1952,2.68,10.77
Italy,ITA,1953,2.92,12.05
Italy,ITA,1954,2.97,13.96
Italy,ITA,1955,3.32,14.7
Italy,ITA,1956,3.47,16.68
Italy,ITA,1957,3.43,17.77
Italy,ITA,1958,3.57,18.47
Italy,ITA,1959,3.42,19.78
Italy,ITA,1960,4.01,21.65
Italy,ITA,1961,4,22.82
Italy,ITA,1962,3.93,24.3
Italy,ITA,1963,4.22,25.13
Italy,ITA,1964,4.38,28.04
Italy,ITA,1965,4.42,29.23
Italy,ITA,1966,4.73,30.57
Italy,ITA,1967,4.54,32.28
Italy,ITA,1968,4.57,34.46
Italy,ITA,1969,4.71,36.21
Italy,ITA,1970,4.64,36.02
Italy,ITA,1971,4.55,38.63
Italy,ITA,1972,4.92,39.66
Italy,ITA,1973,5.15,41.11
Italy,ITA,1974,5.22,43.21
Italy,ITA,1975,5.37,44.79
Italy,ITA,1976,5.64,47.1
Italy,ITA,1977,5.87,48.53
Italy,ITA,1978,5.64,50.44
Italy,ITA,1979,5.95,52.35
Italy,ITA,1980,6.07,55.13
Italy,ITA,1981,6.26,54.76
Italy,ITA,1982,6.32,56.85
Italy,ITA,1983,6.62,58.23
Italy,ITA,1984,6.81,58.26
Italy,ITA,1985,6.89,59.34
Italy,ITA,1986,7.29,58.04
Italy,ITA,1987,7.19,59.78
Italy,ITA,1988,7.31,59.35
Italy,ITA,1989,7.33,57.36
Italy,ITA,1990,7.27,56.13
Italy,ITA,1991,7.23,55.76
Italy,ITA,1992,7.82,55.54
Italy,ITA,1993,7.68,55.02
Italy,ITA,1994,7.77,54.07
Italy,ITA,1995,7.87,52.3
Italy,ITA,1996,8,51.15
Italy,ITA,1997,7.83,50.14
Italy,ITA,1998,8.02,49.21
Italy,ITA,1999,7.91,48.2
Italy,ITA,2000,8.28,46.03
Italy,ITA,2001,8.38,45.36
Italy,ITA,2002,8.75,44.23
Jamaica,JAM,2002,5.5,22.1
Japan,JPN,1950,0.95,2.69
Japan,JPN,1951,1.1,2.69
Japan,JPN,1952,1.36,3.48
Japan,JPN,1953,1.41,3.86
Japan,JPN,1954,1.84,4.89
Japan,JPN,1955,2.12,5.77
Japan,JPN,1956,2.52,6.86
Japan,JPN,1957,2.68,7.35
Japan,JPN,1958,3.26,8.23
Japan,JPN,1959,3.33,9.15
Japan,JPN,1960,3.52,9.8
Japan,JPN,1961,3.95,10.35
Japan,JPN,1962,4.13,11.15
Japan,JPN,1963,4.2,11.95
Japan,JPN,1964,4.39,12.51
Japan,JPN,1965,4.66,12.99
Japan,JPN,1966,4.94,13.73
Japan,JPN,1967,4.91,14.42
Japan,JPN,1968,5,14.9
Japan,JPN,1969,5.25,15.66
Japan,JPN,1970,5.17,15.86
Japan,JPN,1971,5.19,16.56
Japan,JPN,1972,5.6,17.69
Japan,JPN,1973,5.62,18.02
Japan,JPN,1974,5.62,18.89
Japan,JPN,1975,5.93,19.59
Japan,JPN,1976,6.21,20.44
Japan,JPN,1977,6.37,21.72
Japan,JPN,1978,6.69,22.43
Japan,JPN,1979,6.69,23.67
Japan,JPN,1980,7.07,24.27
Japan,JPN,1981,7.19,25.34
Japan,JPN,1982,7.45,25.78
Japan,JPN,1983,7.49,26.45
Japan,JPN,1984,7.69,27.32
Japan,JPN,1985,7.65,27.68
Japan,JPN,1986,7.73,27.54
Japan,JPN,1987,7.88,28.71
Japan,JPN,1988,8.03,29.3
Japan,JPN,1989,8.12,30.21
Japan,JPN,1990,7.9,30.35
Japan,JPN,1991,8.09,30.48
Japan,JPN,1992,8.34,30.74
Japan,JPN,1993,8.18,30.86
Japan,JPN,1994,8.32,31.06
Japan,JPN,1995,8.42,31.51
Japan,JPN,1996,8.55,31.95
Japan,JPN,1997,8.45,31.42
Japan,JPN,1998,8.56,31.37
Japan,JPN,1999,8.46,31.01
Japan,JPN,2000,8.4,30.89
Japan,JPN,2001,8.3,30.42
Japan,JPN,2002,8.04,30.22
Jordan,JOR,2002,3.2,15.3
Kazakhstan,KAZ,1981,7.9,55.3
Kazakhstan,KAZ,1982,8.06,52.67
Kazakhstan,KAZ,1985,8.5,59.51
Kazakhstan,KAZ,1986,8.81,62.24
Kazakhstan,KAZ,1987,7.93,63.72
Kazakhstan,KAZ,1988,9.35,65.08
Kazakhstan,KAZ,1989,9.48,67.84
Kazakhstan,KAZ,1990,9.63,70.64
Kazakhstan,KAZ,1991,9.75,69.87
Kazakhstan,KAZ,1992,8.97,71.09
Kazakhstan,KAZ,1993,8.97,70.73
Kazakhstan,KAZ,1994,8.79,63.97
Kazakhstan,KAZ,1995,8.56,63.25
Kazakhstan,KAZ,1996,8.64,59.47
Kazakhstan,KAZ,1997,8.36,57.33
Kazakhstan,KAZ,1998,7.93,58.45
Kazakhstan,KAZ,1999,8.17,54.38
Kazakhstan,KAZ,2000,7.67,54.61
Kazakhstan,KAZ,2001,7.47,51.71
Kazakhstan,KAZ,2002,7.42,52.04
Kenya,KEN,2002,2.1,4.1
Kuwait,KWT,1972,3.79,15.06
Kuwait,KWT,1975,5.25,17.93
Kuwait,KWT,1976,3.16,16.83
Kuwait,KWT,1977,2.63,24.86
Kuwait,KWT,1978,3.21,20.65
Kuwait,KWT,1979,7.24,24.6
Kuwait,KWT,1980,9.11,25.59
Kuwait,KWT,1981,7.58,16.69
Kuwait,KWT,1982,8.85,30.2
Kuwait,KWT,1983,7,24.54
Kuwait,KWT,1984,10.02,26.8
Kuwait,KWT,1985,6.49,26.09
Kuwait,KWT,1986,7.14,20.44
Kuwait,KWT,1987,4.92,18.66
Kuwait,KWT,1993,8.01,11.87
Kuwait,KWT,1994,5.65,11.79
Kuwait,KWT,1995,5.91,20.32
Kuwait,KWT,1996,5.55,19.63
Kuwait,KWT,1997,9.61,19.29
Kuwait,KWT,1998,9.33,15.92
Kuwait,KWT,1999,2.79,11.48
Kuwait,KWT,2000,5.26,16.99
Kuwait,KWT,2001,4.74,9.58
Kuwait,KWT,2002,3.08,12.28
Kyrgyzstan,KGZ,1981,4.3,28.77
Kyrgyzstan,KGZ,1982,4.04,33.23
Kyrgyzstan,KGZ,1985,3.5,31.19
Kyrgyzstan,KGZ,1986,4.54,32.68
Kyrgyzstan,KGZ,1987,5.24,32.19
Kyrgyzstan,KGZ,1988,5.68,35.11
Kyrgyzstan,KGZ,1989,4.73,38.71
Kyrgyzstan,KGZ,1990,6.07,35.14
Kyrgyzstan,KGZ,1991,5.41,36.29
Kyrgyzstan,KGZ,1992,5.66,36.41
Kyrgyzstan,KGZ,1993,4.21,28.15
Kyrgyzstan,KGZ,1994,5.01,25.47
Kyrgyzstan,KGZ,1995,3.76,25.99
Kyrgyzstan,KGZ,1996,4.02,24.04
Kyrgyzstan,KGZ,1997,4.65,23.69
Kyrgyzstan,KGZ,1998,4.27,22.31
Kyrgyzstan,KGZ,1999,3.55,22.84
Kyrgyzstan,KGZ,2000,4.78,20.38
Kyrgyzstan,KGZ,2001,4.55,19.35
Kyrgyzstan,KGZ,2002,4.08,22.15
Laos,LAO,2002,6,16.9
Latvia,LVA,1980,5.63,51.86
Latvia,LVA,1981,5.66,51.09
Latvia,LVA,1982,6.01,57.91
Latvia,LVA,1983,5.97,57.73
Latvia,LVA,1984,6.28,56.64
Latvia,LVA,1985,6.55,58.81
Latvia,LVA,1986,7.47,62.83
Latvia,LVA,1987,7.15,64.85
Latvia,LVA,1988,6.41,66.08
Latvia,LVA,1989,7.46,65.43
Latvia,LVA,1990,6.84,63.94
Latvia,LVA,1991,6.77,70.83
Latvia,LVA,1992,6.34,68.1
Latvia,LVA,1993,6.64,63.61
Latvia,LVA,1994,5.73,67.22
Latvia,LVA,1995,6.24,60.97
Latvia,LVA,1996,6.42,62.33
Latvia,LVA,1997,6.11,57.23
Latvia,LVA,1998,6.23,57.97
Latvia,LVA,1999,6.11,61.82
Latvia,LVA,2000,5.78,55.5
Latvia,LVA,2001,6.2,60.26
Latvia,LVA,2002,6.04,56.63
Lebanon,LBN,2002,4.6,29.1
Lesotho,LSO,2002,1.6,11.3
Liberia,LBR,2002,0.6,1.6
Libya,LBY,2002,2.1,10.1
Lithuania,LTU,1981,4.97,52.29
Lithuania,LTU,1982,5.34,51.81
Lithuania,LTU,1985,5.88,54.2
Lithuania,LTU,1986,5.45,56.13
Lithuania,LTU,1987,5.12,57.88
Lithuania,LTU,1988,5.5,59.83
Lithuania,LTU,1989,5.75,59.51
Lithuania,LTU,1990,6.06,61.46
Lithuania,LTU,1991,6.1,65.03
Lithuania,LTU,1992,5.03,62.91
Lithuania,LTU,1993,6.26,62.96
Lithuania,LTU,1994,5.08,64.79
Lithuania,LTU,1995,5.71,63.4
Lithuania,LTU,1996,5.21,60.33
Lithuania,LTU,1997,5.46,57.9
Lithuania,LTU,1998,4.64,60.33
Lithuania,LTU,1999,5.84,58.69
Lithuania,LTU,2000,4.96,54.13
Lithuania,LTU,2001,5.66,55.58
Lithuania,LTU,2002,4.71,55.21
Luxembourg,LUX,1967,4.69,63.51
Luxembourg,LUX,1968,3.41,65.72
Luxembourg,LUX,1969,3.81,56.77
Luxembourg,LUX,1970,3.49,71.45
Luxembourg,LUX,1971,3.95,69.1
Luxembourg,LUX,1972,8.14,63.32
Luxembourg,LUX,1973,3.61,67.07
Luxembourg,LUX,1974,3.72,54.93
Luxembourg,LUX,1975,5.11,66.74
Luxembourg,LUX,1976,5.45,68.53
Luxembourg,LUX,1977,4.56,71.53
Luxembourg,LUX,1978,5.56,65.46
Luxembourg,LUX,1979,7.01,64.36
Luxembourg,LUX,1980,7.77,67.29
Luxembourg,LUX,1981,5,71.75
Luxembourg,LUX,1982,3.9,72.98
Luxembourg,LUX,1983,6.65,70.41
Luxembourg,LUX,1984,10.58,67.46
Luxembourg,LUX,1985,9.72,66.17
Luxembourg,LUX,1986,6.23,72.5
Luxembourg,LUX,1987,8.48,70.25
Luxembourg,LUX,1988,7.62,72.4
Luxembourg,LUX,1989,9.75,63.13
Luxembourg,LUX,1990,8.71,61.6
Luxembourg,LUX,1991,9.14,55.89
Luxembourg,LUX,1992,9.95,62.57
Luxembourg,LUX,1993,8.5,63.51
Luxembourg,LUX,1994,11.32,51.91
Luxembourg,LUX,1995,9.14,58.45
Luxembourg,LUX,1996,9.75,54.84
Luxembourg,LUX,1997,14.66,54.09
Luxembourg,LUX,1998,11.89,53.29
Luxembourg,LUX,1999,13.24,46.41
Luxembourg,LUX,2000,11.04,48.06
Luxembourg,LUX,2001,10.17,41.67
Luxembourg,LUX,2002,7.97,44
Madagascar,MDG,2002,2.1,3.5
Malawi,MWI,2002,0.4,2.4
Malaysia,MYS,2002,10.1,27.9
Mali,MLI,2002,0.1,2.8
Malta,MLT,1965,2.23,38.38
Malta,MLT,1967,2.71,30.7
Malta,MLT,1968,3.07,38.06
Malta,MLT,1969,4.92,40.92
Malta,MLT,1970,1.91,35.94
Malta,MLT,1971,3.34,44.2
Malta,MLT,1972,0.61,25.01
Malta,MLT,1973,1.1,29.24
Malta,MLT,1974,2.76,30.44
Malta,MLT,1975,1.24,47.36
Malta,MLT,1976,5.26,38.99
Malta,MLT,1977,3.63,31.18
Malta,MLT,1978,1.86,41.25
Malta,MLT,1979,3.16,40.01
Malta,MLT,1980,4.45,39.62
Malta,MLT,1981,5.35,41.53
Malta,MLT,1982,4.81,39.64
Malta,MLT,1983,6.85,40.18
Malta,MLT,1984,4.58,39.89
Malta,MLT,1985,2.45,47.48
Malta,MLT,1986,5.36,47.48
Malta,MLT,1987,2.22,47.77
Malta,MLT,1988,4.78,35.49
Malta,MLT,1989,4.28,45.36
Malta,MLT,1990,2.9,40.48
Malta,MLT,1991,2.48,44.11
Malta,MLT,1992,4.56,43.76
Malta,MLT,1993,5.12,42.54
Malta,MLT,1994,5.88,40.42
Malta,MLT,1995,2.32,43.33
Malta,MLT,1996,6.5,49.16
Malta,MLT,1997,4.21,38.57
Malta,MLT,1998,5.96,32.29
Malta,MLT,1999,4.8,38.19
Malta,MLT,2000,7.75,35.12
Malta,MLT,2001,5.9,40.76
Malta,MLT,2002,4.53,41.35
Mauritania,MRT,2002,0.6,2.4
Mauritius,MUS,1961,1.73,12.15
Mauritius,MUS,1962,1.24,9.55
Mauritius,MUS,1963,1.68,8.57
Mauritius,MUS,1964,2.01,11.82
Mauritius,MUS,1965,0.62,4.35
Mauritius,MUS,1966,3.26,11.11
Mauritius,MUS,1967,2.4,9.39
Mauritius,MUS,1968,2.43,16.95
Mauritius,MUS,1969,1.01,16.24
Mauritius,MUS,1970,4.67,15.71
Mauritius,MUS,1971,3.7,11.47
Mauritius,MUS,1972,2.63,20.94
Mauritius,MUS,1973,3.45,27.53
Mauritius,MUS,1974,4.33,10.94
Mauritius,MUS,1975,3.36,18.63
Mauritius,MUS,1976,2.47,19.57
Mauritius,MUS,1977,4.77,11.83
Mauritius,MUS,1978,3.38,16.91
Mauritius,MUS,1979,5.76,21.52
Mauritius,MUS,1980,2.22,22.18
Mauritius,MUS,1981,4.7,30.83
Mauritius,MUS,1982,3.89,19.84
Mauritius,MUS,1983,3.18,15.35
Mauritius,MUS,1984,4.39,19.29
Mauritius,MUS,1985,4.14,19.94
Mauritius,MUS,1986,3.78,17.1
Mauritius,MUS,1987,4.08,14.3
Mauritius,MUS,1988,6.18,20.29
Mauritius,MUS,1989,4.65,18.71
Mauritius,MUS,1990,4.21,15.59
Mauritius,MUS,1991,4.85,18.74
Mauritius,MUS,1992,3.25,17.62
Mauritius,MUS,1993,3.42,14.93
Mauritius,MUS,1994,4.38,14.8
Mauritius,MUS,1995,4.13,17.49
Mauritius,MUS,1996,3.48,16.45
Mauritius,MUS,1997,3.22,12.7
Mauritius,MUS,1998,5.01,16.7
Mauritius,MUS,1999,4.34,14.02
Mauritius,MUS,2000,4.04,12.86
Mauritius,MUS,2001,4.21,19.88
Mauritius,MUS,2002,4.95,15.87
Mexico,MEX,1955,2.39,3.66
Mexico,MEX,1956,2.59,4.28
Mexico,MEX,1957,2.88,4.41
Mexico,MEX,1958,2.83,5.58
Mexico,MEX,1959,3.3,5.54
Mexico,MEX,1960,3.21,5.84
Mexico,MEX,1961,3.32,5.71
Mexico,MEX,1962,3,5.47
Mexico,MEX,1963,3.26,5.69
Mexico,MEX,1964,3.19,5.98
Mexico,MEX,1965,3.35,6.64
Mexico,MEX,1966,3.72,6.56
Mexico,MEX,1967,3.72,7.55
Mexico,MEX,1968,3.58,7.12
Mexico,MEX,1969,3.35,6.87
Mexico,MEX,1970,3.65,7.45
Mexico,MEX,1971,3.81,7.79
Mexico,MEX,1972,3.86,7.98
Mexico,MEX,1973,3.98,8.29
Mexico,MEX,1974,3.6,8.62
Mexico,MEX,1975,3.73,9.31
Mexico,MEX,1976,4.03,9.65
Mexico,MEX,1977,4.22,9.79
Mexico,MEX,1978,4.05,10.86
Mexico,MEX,1979,4.53,11.81
Mexico,MEX,1980,4.49,11.06
Mexico,MEX,1981,4.66,12.05
Mexico,MEX,1982,4.39,12.41
Mexico,MEX,1983,5,12.97
Mexico,MEX,1984,5.13,13.34
Mexico,MEX,1985,5.35,14.25
Mexico,MEX,1986,5.52,14.47
Mexico,MEX,1987,5.41,15.03
Mexico,MEX,1988,5.43,15.18
Mexico,MEX,1989,5.33,15.83
Mexico,MEX,1990,5.41,14.77
Mexico,MEX,1991,5.4,14.81
Mexico,MEX,1992,5.61,15.28
Mexico,MEX,1993,5.44,16.02
Mexico,MEX,1994,5.71,15.36
Mexico,MEX,1995,5.34,14.91
Mexico,MEX,1996,5.4,14.22
Mexico,MEX,1997,5.67,14.49
Mexico,MEX,1998,5.25,13.7
Mexico,MEX,1999,5.19,13.62
Mexico,MEX,2000,4.97,12.66
Mexico,MEX,2001,4.76,12.65
Mexico,MEX,2002,4.96,12.5
Moldova,MDA,1981,6.02,31.5
Moldova,MDA,1982,4.95,33.52
Moldova,MDA,1985,6.12,39.7
Moldova,MDA,1986,5.89,41.09
Moldova,MDA,1987,7.73,42.18
Moldova,MDA,1988,6.9,45.36
Moldova,MDA,1989,8.19,47.7
Moldova,MDA,1990,6.19,45.88
Moldova,MDA,1991,6.99,42.57
Moldova,MDA,1992,5.07,42.12
Moldova,MDA,1993,6.63,41.42
Moldova,MDA,1994,6.19,44.01
Moldova,MDA,1995,5.59,40.75
Moldova,MDA,1996,5.77,41.29
Moldova,MDA,1997,6.06,35.03
Moldova,MDA,1998,5.25,31.37
Moldova,MDA,1999,5.24,28.11
Moldova,MDA,2000,4.65,28.11
Moldova,MDA,2001,5.4,30.59
Moldova,MDA,2002,5.05,28.48
Mongolia,MNG,2002,13,27.6
Morocco,MAR,2002,1.9,19.6
Mozambique,MOZ,2002,1.2,1.7
Myanmar,MMR,2002,11.8,25.5
Namibia,NAM,2002,2.2,5.9
Nepal,NPL,2002,2.2,11
Netherlands,NLD,1950,3.05,22.92
Netherlands,NLD,1951,3.69,25.86
Netherlands,NLD,1952,2.8,26.45
Netherlands,NLD,1953,3.09,27.61
Netherlands,NLD,1954,3.23,30.74
Netherlands,NLD,1955,2.79,30.83
Netherlands,NLD,1956,3.29,34.27
Netherlands,NLD,1957,3.14,35.31
Netherlands,NLD,1958,2.96,36.52
Netherlands,NLD,1959,3.14,40.22
Netherlands,NLD,1960,3.24,41.81
Netherlands,NLD,1961,3.66,45.47
Netherlands,NLD,1962,3.24,47.6
Netherlands,NLD,1963,3.45,50.47
Netherlands,NLD,1964,3.46,52.54
Netherlands,NLD,1965,3.43,52.85
Netherlands,NLD,1966,3.3,56.33
Netherlands,NLD,1967,3.67,59.82
Netherlands,NLD,1968,3.97,62.09
Netherlands,NLD,1969,3.3,62.83
Netherlands,NLD,1970,3.69,64.88
Netherlands,NLD,1971,3.86,68.02
Netherlands,NLD,1972,4.15,67.5
Netherlands,NLD,1973,3.81,70.15
Netherlands,NLD,1974,4.43,70.4
Netherlands,NLD,1975,4.3,72.97
Netherlands,NLD,1976,4.6,75.34
Netherlands,NLD,1977,5.06,74.28
Netherlands,NLD,1978,5.39,77.89
Netherlands,NLD,1979,5.41,76
Netherlands,NLD,1980,6.13,77.9
Netherlands,NLD,1981,6.45,77.85
Netherlands,NLD,1982,6.97,78.2
Netherlands,NLD,1983,7.14,75.91
Netherlands,NLD,1984,8.1,77.18
Netherlands,NLD,1985,8.22,76.75
Netherlands,NLD,1986,8.78,76.96
Netherlands,NLD,1987,8.79,74.82
Netherlands,NLD,1988,9.87,74.94
Netherlands,NLD,1989,10.46,71.72
Netherlands,NLD,1990,10.31,67.3
Netherlands,NLD,1991,10.75,67.53
Netherlands,NLD,1992,11.73,66.23
Netherlands,NLD,1993,12.61,65.15
Netherlands,NLD,1994,13.36,62.74
Netherlands,NLD,1995,13.82,61.25
Netherlands,NLD,1996,13.86,58.83
Netherlands,NLD,1997,14.75,57.72
Netherlands,NLD,1998,14.95,56.19
Netherlands,NLD,1999,15.99,54.37
Netherlands,NLD,2000,16.85,50.45
Netherlands,NLD,2001,17.04,50.42
Netherlands,NLD,2002,18.1,49.33
New Zealand,NZL,1950,2.55,16.86
New Zealand,NZL,1951,3.22,19.48
New Zealand,NZL,1952,3.56,21.99
New Zealand,NZL,1953,2.99,21.84
New Zealand,NZL,1954,2.56,23.68
New Zealand,NZL,1955,3.04,26.49
New Zealand,NZL,1956,4.46,26.78
New Zealand,NZL,1957,3.39,30.16
New Zealand,NZL,1958,4.1,28.74
New Zealand,NZL,1959,3.89,29.93
New Zealand,NZL,1960,4.63,27.96
New Zealand,NZL,1961,5.32,32.24
New Zealand,NZL,1962,4.39,34.7
New Zealand,NZL,1963,5.59,36.6
New Zealand,NZL,1964,5.58,37.55
New Zealand,NZL,1965,4.78,37.78
New Zealand,NZL,1966,5,41.04
New Zealand,NZL,1967,5.91,37.39
New Zealand,NZL,1968,6.11,45.11
New Zealand,NZL,1969,7.31,46.05
New Zealand,NZL,1970,8.99,47
New Zealand,NZL,1971,8.06,45.99
New Zealand,NZL,1972,9.91,42.33
New Zealand,NZL,1973,10.85,45.44
New Zealand,NZL,1974,11.21,48.88
New Zealand,NZL,1975,10.96,49.66
New Zealand,NZL,1976,10.58,51.74
New Zealand,NZL,1977,11.81,50.33
New Zealand,NZL,1978,12.4,48.49
New Zealand,NZL,1979,12.66,49.49
New Zealand,NZL,1980,12.74,48.64
New Zealand,NZL,1981,14.03,49.44
New Zealand,NZL,1982,13.88,46.14
New Zealand,NZL,1983,13.54,50.98
New Zealand,NZL,1984,13.68,51.01
New Zealand,NZL,1985,15.16,45.16
New Zealand,NZL,1986,14.17,47.92
New Zealand,NZL,1987,17.11,47.38
New Zealand,NZL,1988,16.46,44.14
New Zealand,NZL,1989,17.61,42.92
New Zealand,NZL,1990,17.96,42.19
New Zealand,NZL,1991,17.56,40.21
New Zealand,NZL,1992,17.13,42.35
New Zealand,NZL,1993,17.17,38.93
New Zealand,NZL,1994,18.23,38.42
New Zealand,NZL,1995,18.6,37.47
New Zealand,NZL,1996,17.7,36.93
New Zealand,NZL,1997,18.96,35.27
New Zealand,NZL,1998,17.94,33.42
New Zealand,NZL,1999,19.1,32.8
New Zealand,NZL,2000,17.2,31.58
New Zealand,NZL,2001,19.16,30.17
New Zealand,NZL,2002,18.06,29.74
Nicaragua,NIC,1961,0.12,0.49
Nicaragua,NIC,1962,0.29,0.51
Nicaragua,NIC,1963,0.61,1.41
Nicaragua,NIC,1964,0.61,0.9
Nicaragua,NIC,1965,0.26,
Nicaragua,NIC,1968,0.64,0.26
Nicaragua,NIC,1969,2.17,1.37
Nicaragua,NIC,1973,0.65,0.5
Nicaragua,NIC,1974,0.43,0.52
Nicaragua,NIC,1975,1.22,2.12
Nicaragua,NIC,1976,0.29,0.28
Nicaragua,NIC,1977,0.62,1.36
Nicaragua,NIC,1988,1.68,3.62
Nicaragua,NIC,1989,1.98,3.5
Nicaragua,NIC,1990,1.92,5.47
Nicaragua,NIC,1991,2.3,3.43
Nicaragua,NIC,1992,1.41,3.42
Nicaragua,NIC,1993,1.54,3.83
Nicaragua,NIC,1994,1.93,5.09
Nicaragua,NIC,1996,3.3,5.1
Nicaragua,NIC,1997,2.74,5.55
Nicaragua,NIC,1998,1.5,5.41
Nicaragua,NIC,1999,2.08,6.1
Nicaragua,NIC,2000,3.24,6.33
Nicaragua,NIC,2001,2.32,4.6
Nicaragua,NIC,2002,2.32,5.52
Nicaragua,NIC,1978,,1.2
Niger,NER,2002,0.4,4.6
Nigeria,NGA,2002,0.4,1.1
North Korea,PRK,2002,10.3,43
North Macedonia,MKD,1991,5.13,31.65
North Macedonia,MKD,1992,4.72,34.93
North Macedonia,MKD,1993,5.21,38.04
North Macedonia,MKD,1994,7.16,41.29
North Macedonia,MKD,1995,6.01,36.43
North Macedonia,MKD,1996,7.04,41.33
North Macedonia,MKD,1997,6.6,41.49
North Macedonia,MKD,1998,7.01,43.11
North Macedonia,MKD,1999,7.38,39.91
North Macedonia,MKD,2000,7.64,41.45
North Macedonia,MKD,2001,6.94,41.64
North Macedonia,MKD,2002,5.48,42.24
Norway,NOR,1951,2.55,7.08
Norway,NOR,1952,3.1,7.72
Norway,NOR,1953,2.32,7.21
Norway,NOR,1954,2.22,8.92
Norway,NOR,1955,2.78,7.95
Norway,NOR,1956,2.3,9.15
Norway,NOR,1957,2.55,9.01
Norway,NOR,1958,2.21,10.39
Norway,NOR,1959,2.86,11.53
Norway,NOR,1960,2.58,12.7
Norway,NOR,1961,2.5,12.57
Norway,NOR,1962,2.61,12.28
Norway,NOR,1963,2.56,13.67
Norway,NOR,1964,3.05,14.24
Norway,NOR,1965,2.19,14.56
Norway,NOR,1966,2.63,14.44
Norway,NOR,1967,3.33,16.45
Norway,NOR,1968,3.45,18.27
Norway,NOR,1969,3.87,18.55
Norway,NOR,1970,3.5,19.39
Norway,NOR,1971,3.86,19.52
Norway,NOR,1972,3.79,19.42
Norway,NOR,1973,4.33,20.24
Norway,NOR,1974,4.04,19.83
Norway,NOR,1975,4.56,22.8
Norway,NOR,1976,4.56,23.26
Norway,NOR,1977,4.89,24.09
Norway,NOR,1978,4.8,24.85
Norway,NOR,1979,5.33,24.66
Norway,NOR,1980,5.84,24.24
Norway,NOR,1981,5.76,29.57
Norway,NOR,1982,6.97,28.92
Norway,NOR,1983,6.67,27.53
Norway,NOR,1984,7.81,28.95
Norway,NOR,1985,8.5,29.54
Norway,NOR,1986,8.83,30.97
Norway,NOR,1987,8.63,30.7
Norway,NOR,1988,10.29,31.23
Norway,NOR,1989,9.99,29.66
Norway,NOR,1990,10.58,30.06
Norway,NOR,1991,10.98,31.6
Norway,NOR,1992,10.71,31.14
Norway,NOR,1993,11.07,32.1
Norway,NOR,1994,13.52,32.02
Norway,NOR,1995,13.05,31.45
Norway,NOR,1996,14.46,31.06
Norway,NOR,1997,16.39,31.37
Norway,NOR,1998,14.21,30.56
Norway,NOR,1999,14.06,32.04
Norway,NOR,2000,15.88,30.03
Norway,NOR,2001,16.62,30.01
Norway,NOR,2002,15.8,31.95
Oman,OMN,2002,2.2,8.8
Pakistan,PAK,2002,2.6,18.6
Panama,PAN,1955,0.96,5.55
Panama,PAN,1956,1.09,6.04
Panama,PAN,1957,1.64,9.06
Panama,PAN,1958,1.68,7.05
Panama,PAN,1959,2.35,5.27
Panama,PAN,1960,2.21,5.82
Panama,PAN,1961,2.46,8.81
Panama,PAN,1962,2.91,6.65
Panama,PAN,1963,1.96,6.91
Panama,PAN,1964,0.64,6.43
Panama,PAN,1965,2.46,9.61
Panama,PAN,1966,1.16,7.92
Panama,PAN,1967,1.76,6.91
Panama,PAN,1968,0.7,7.12
Panama,PAN,1969,1.93,7.02
Panama,PAN,1970,1.86,8.85
Panama,PAN,1971,2.04,8.42
Panama,PAN,1972,1.75,10.82
Panama,PAN,1973,3.85,9.6
Panama,PAN,1974,2.92,10.65
Panama,PAN,1975,3.19,11.24
Panama,PAN,1976,2.22,10.54
Panama,PAN,1977,3.17,12.24
Panama,PAN,1978,2.45,11.43
Panama,PAN,1979,3.37,13.92
Panama,PAN,1980,4.03,16.07
Panama,PAN,1981,2.82,12.38
Panama,PAN,1982,4.27,13.87
Panama,PAN,1983,3.74,14.22
Panama,PAN,1984,4,13.9
Panama,PAN,1985,3.72,12.69
Panama,PAN,1986,4.24,16.49
Panama,PAN,1987,5.29,13.53
Panama,PAN,1988,3.2,14.39
Panama,PAN,1989,4.33,15.17
Panama,PAN,1996,4.45,12.84
Panama,PAN,1997,4.16,11.35
Panama,PAN,1998,3.86,12.45
Panama,PAN,1999,3.47,12.34
Panama,PAN,2000,5.01,10.88
Panama,PAN,2001,3.69,11.56
Panama,PAN,2002,5.13,12.62
Papua New Guinea,PNG,2002,1.3,2.1
Paraguay,PRY,2002,4.8,19.7
Peru,PER,2002,7.1,11.6
Philippines,PHL,2002,12.6,46.6
Poland,POL,1959,3.12,14.61
Poland,POL,1960,3.28,17.49
Poland,POL,1961,3.85,18.87
Poland,POL,1962,3.96,20.81
Poland,POL,1963,3.94,23.52
Poland,POL,1964,4.14,26.36
Poland,POL,1965,4.44,27.8
Poland,POL,1966,4.5,30.08
Poland,POL,1967,4.59,31.85
Poland,POL,1968,5.06,34.15
Poland,POL,1969,5.09,34.14
Poland,POL,1970,4.77,35.96
Poland,POL,1971,5.21,39.2
Poland,POL,1972,5.1,39.57
Poland,POL,1973,5.04,42.75
Poland,POL,1974,5.41,43.89
Poland,POL,1975,5.81,45.43
Poland,POL,1976,5.67,48.18
Poland,POL,1977,6.22,48.13
Poland,POL,1978,6.29,50.81
Poland,POL,1979,6.3,52.44
Poland,POL,1980,7.17,55.26
Poland,POL,1981,6.97,57.12
Poland,POL,1982,7.27,57.58
Poland,POL,1983,7.59,61.71
Poland,POL,1984,8.07,63.56
Poland,POL,1985,8.18,65.15
Poland,POL,1986,8.43,66.27
Poland,POL,1987,8.63,66.75
Poland,POL,1988,9.29,68.99
Poland,POL,1989,9.34,69.38
Poland,POL,1990,9.93,71.08
Poland,POL,1991,10.18,72
Poland,POL,1992,9.97,70.32
Poland,POL,1993,10.65,71.98
Poland,POL,1994,10.7,71.3
Poland,POL,1995,11.27,72.2
Poland,POL,1996,11.27,70.35
Poland,POL,1999,11.57,67.69
Poland,POL,2000,12.5,68.06
Poland,POL,2001,12.76,68.63
Poland,POL,2002,13.59,68.73
Portugal,PRT,1955,2.15,7.8
Portugal,PRT,1956,2.78,6.78
Portugal,PRT,1957,2.35,8.14
Portugal,PRT,1958,2,7.58
Portugal,PRT,1959,2.21,8.37
Portugal,PRT,1960,2.18,8.82
Portugal,PRT,1961,2.69,9.04
Portugal,PRT,1962,2.51,9.71
Portugal,PRT,1963,2.49,10.3
Portugal,PRT,1964,2.47,10.29
Portugal,PRT,1965,2.07,10.93
Portugal,PRT,1966,3.11,12.63
Portugal,PRT,1967,2.72,11.16
Portugal,PRT,1968,2.41,13
Portugal,PRT,1969,3.05,13.22
Portugal,PRT,1970,2.95,14.06
Portugal,PRT,1971,3.3,15.1
Portugal,PRT,1972,3.07,14.49
Portugal,PRT,1973,3.12,15.21
Portugal,PRT,1974,3.5,14.73
Portugal,PRT,1975,3.59,16.67
Portugal,PRT,1976,3.43,16.99
Portugal,PRT,1977,3.45,17.06
Portugal,PRT,1978,3.22,19.31
Portugal,PRT,1979,3.54,20.11
Portugal,PRT,1980,3.76,21.2
Portugal,PRT,1981,4.03,20.28
Portugal,PRT,1982,4.3,21.25
Portugal,PRT,1983,3.79,21.76
Portugal,PRT,1984,3.61,22.47
Portugal,PRT,1985,3.91,24.46
Portugal,PRT,1986,4.15,24.56
Portugal,PRT,1987,3.94,25.99
Portugal,PRT,1988,4.09,24.68
Portugal,PRT,1989,4.23,24.17
Portugal,PRT,1990,4.32,26.25
Portugal,PRT,1991,4.64,25.8
Portugal,PRT,1992,4.28,25.78
Portugal,PRT,1993,4.66,29.09
Portugal,PRT,1994,4.52,27.83
Portugal,PRT,1995,4.69,27.8
Portugal,PRT,1996,4.12,29
Portugal,PRT,1997,4.45,28.31
Portugal,PRT,1998,4.64,29.64
Portugal,PRT,1999,4.7,27.54
Portugal,PRT,2000,5.08,28.43
Portugal,PRT,2001,4.42,28.36
Portugal,PRT,2002,5.35,28.87
Puerto Rico,PRI,2002,7.1,19.1
Qatar,QAT,2002,4.2,18.5
Romania,ROU,1959,4.5,18.21
Romania,ROU,1960,4.73,19.19
Romania,ROU,1961,5.7,23.51
Romania,ROU,1962,5.43,24.56
Romania,ROU,1963,5.62,25.47
Romania,ROU,1964,5.67,26.21
Romania,ROU,1965,5.2,27.34
Romania,ROU,1966,5.17,26.72
Romania,ROU,1967,5.24,24.93
Romania,ROU,1968,5.1,25.43
Romania,ROU,1969,5.52,27.46
Romania,ROU,1970,5.54,27.3
Romania,ROU,1971,5.31,28.37
Romania,ROU,1972,5.46,28.38
Romania,ROU,1973,5.43,28.56
Romania,ROU,1974,5.43,29.13
Romania,ROU,1975,5.5,29.72
Romania,ROU,1976,5.81,30.97
Romania,ROU,1977,5.77,30.98
Romania,ROU,1978,5.85,32.08
Romania,ROU,1980,6.56,33.15
Romania,ROU,1981,5.92,32.51
Romania,ROU,1982,5.77,32.95
Romania,ROU,1983,5.89,33.28
Romania,ROU,1984,5.79,34.13
Romania,ROU,1985,5.92,35.72
Romania,ROU,1986,6.09,37.79
Romania,ROU,1987,6.14,37.78
Romania,ROU,1988,6.13,39.62
Romania,ROU,1989,6.35,38.8
Romania,ROU,1990,6.59,38.27
Romania,ROU,1991,6.38,39.72
Romania,ROU,1992,6.25,42.28
Romania,ROU,1993,7.3,43.02
Romania,ROU,1994,7.08,44.6
Romania,ROU,1995,7.25,45.17
Romania,ROU,1996,7.21,44.39
Romania,ROU,1997,7.48,45.05
Romania,ROU,1998,7.56,45.59
Romania,ROU,1999,7.48,44.13
Romania,ROU,2000,7.92,46.87
Romania,ROU,2001,7.93,47.26
Romania,ROU,2002,7.81,47.02
Russia,RUS,1980,6.53,59.61
Russia,RUS,1981,6.48,60.52
Russia,RUS,1982,6.55,62.24
Russia,RUS,1983,6.87,64.17
Russia,RUS,1984,6.79,64.85
Russia,RUS,1985,6.89,66.26
Russia,RUS,1986,7.09,68.48
Russia,RUS,1987,7.2,69.37
Russia,RUS,1988,7.34,71.39
Russia,RUS,1989,7.35,72.31
Russia,RUS,1990,7.37,72.73
Russia,RUS,1991,7.2,73.02
Russia,RUS,1992,7.31,73.21
Russia,RUS,1993,7.32,73.88
Russia,RUS,1994,7.21,72.27
Russia,RUS,1995,6.75,68.58
Russia,RUS,1996,6.41,64.72
Russia,RUS,1997,6.46,63.97
Russia,RUS,1998,6.23,62.79
Russia,RUS,1999,5.98,61.75
Russia,RUS,2000,5.91,60.44
Russia,RUS,2001,5.91,57.57
Russia,RUS,2002,5.77,56.75
Rwanda,RWA,2002,0.9,1.7
Samoa,WSM,2002,0.9,16
Saudi Arabia,SAU,2002,2.6,9.6
Senegal,SEN,2002,0.1,1.4
Serbia and Montenegro,OWID_SRM,2002,11,47.9
Sierra Leone,SLE,2002,0.6,2.4
Singapore,SGP,1963,11.25,32.4
Singapore,SGP,1964,9.21,29.76
Singapore,SGP,1965,10.69,30.84
Singapore,SGP,1966,12.83,29.98
Singapore,SGP,1967,11.91,31.4
Singapore,SGP,1968,12.77,31.88
Singapore,SGP,1969,10.16,30.45
Singapore,SGP,1970,10.97,36.45
Singapore,SGP,1971,13.39,39.2
Singapore,SGP,1972,12.16,42.78
Singapore,SGP,1973,12.88,37.62
Singapore,SGP,1974,16.2,43.76
Singapore,SGP,1975,12.8,44.32
Singapore,SGP,1976,14.98,49.2
Singapore,SGP,1977,16.76,50.87
Singapore,SGP,1978,17.96,49.61
Singapore,SGP,1979,15.47,60.07
Singapore,SGP,1980,17.37,55.16
Singapore,SGP,1981,18.15,55.89
Singapore,SGP,1982,17.29,51.17
Singapore,SGP,1983,17.63,55.28
Singapore,SGP,1984,17.54,51.12
Singapore,SGP,1985,18.09,50.42
Singapore,SGP,1986,18.5,46.22
Singapore,SGP,1987,17.78,54.99
Singapore,SGP,1988,16.57,43.41
Singapore,SGP,1989,18.51,53.68
Singapore,SGP,1990,15.22,46.73
Singapore,SGP,1991,14.53,48.11
Singapore,SGP,1992,14.52,45.74
Singapore,SGP,1993,16.49,40
Singapore,SGP,1994,14.69,40.46
Singapore,SGP,1995,14.23,40.14
Singapore,SGP,1996,13.68,39.06
Singapore,SGP,1997,14.3,37
Singapore,SGP,1998,14.72,37.83
Singapore,SGP,1999,11.51,37.45
Singapore,SGP,2000,10.63,33.04
Singapore,SGP,2001,12.78,30.77
Singapore,SGP,2002,11.5,30.49
Slovakia,SVK,1992,7.73,65.78
Slovakia,SVK,1993,7.43,65.89
Slovakia,SVK,1994,7.32,62.24
Slovakia,SVK,1995,6.76,66.18
Slovakia,SVK,1996,6.59,62.02
Slovakia,SVK,1997,7.46,61.21
Slovakia,SVK,1998,7.32,62.82
Slovakia,SVK,1999,7.88,59.62
Slovakia,SVK,2000,8.07,61.17
Slovakia,SVK,2001,7.26,56.42
Slovakia,SVK,2002,7.34,52.55
Slovenia,SVN,1985,7.25,58.38
Slovenia,SVN,1986,8.27,57.37
Slovenia,SVN,1987,6.64,56.87
Slovenia,SVN,1988,7.57,60.47
Slovenia,SVN,1989,8.7,57.56
Slovenia,SVN,1990,8.63,63.79
Slovenia,SVN,1991,8.32,58.48
Slovenia,SVN,1992,8.63,60.82
Slovenia,SVN,1993,9.61,63.3
Slovenia,SVN,1994,8.61,61.21
Slovenia,SVN,1995,9.93,62.91
Slovenia,SVN,1996,9.11,58.8
Slovenia,SVN,1997,9.78,55.54
Slovenia,SVN,1998,9.24,55.97
Slovenia,SVN,1999,11.34,54.47
Slovenia,SVN,2000,10.5,52.27
Slovenia,SVN,2001,11.12,51.07
Slovenia,SVN,2002,11.83,48.75
Solomon Islands,SLB,2002,5.2,14.8
Somalia,SOM,2002,2.1,3.5
South Africa,ZAF,1993,8.19,28.35
South Africa,ZAF,1994,8.83,30.58
South Africa,ZAF,1995,8.11,27.72
South Africa,ZAF,1996,8.66,28.25
South Africa,ZAF,1997,8.01,26.49
South Africa,ZAF,1998,8.33,27.15
South Africa,ZAF,1999,7.87,27.93
South Africa,ZAF,2000,7.61,25.25
South Africa,ZAF,2001,7.62,25.75
South Africa,ZAF,2002,7.09,24.88
South Korea,KOR,1985,4.5,17.16
South Korea,KOR,1986,4.87,19.21
South Korea,KOR,1987,5,20.39
South Korea,KOR,1988,5.65,22.85
South Korea,KOR,1989,5.93,25.23
South Korea,KOR,1990,6.48,26.51
South Korea,KOR,1991,6.47,28.68
South Korea,KOR,1992,8.09,32.76
South Korea,KOR,1993,8.6,34.74
South Korea,KOR,1994,9.2,37.84
South Korea,KOR,1995,9.28,37.72
South Korea,KOR,1996,9.44,37.36
South Korea,KOR,1997,9.87,38.31
South Korea,KOR,1998,9.09,37.06
South Korea,KOR,1999,9.5,38.46
South Korea,KOR,2000,10.17,40.93
South Korea,KOR,2001,10.08,40.7
South Korea,KOR,2002,10.37,40.27
Spain,ESP,1951,2.22,7.16
Spain,ESP,1952,2.35,9.11
Spain,ESP,1953,2.33,9.18
Spain,ESP,1954,2.76,10.51
Spain,ESP,1955,2.75,12.11
Spain,ESP,1956,3.12,13.01
Spain,ESP,1957,3.51,13.43
Spain,ESP,1958,3.24,13.67
Spain,ESP,1959,3.3,14
Spain,ESP,1960,3.91,16.64
Spain,ESP,1961,3.47,17.08
Spain,ESP,1962,3.66,18.55
Spain,ESP,1963,3.71,18.38
Spain,ESP,1964,3.55,18.74
Spain,ESP,1965,3.71,19.56
Spain,ESP,1966,3.84,20.25
Spain,ESP,1967,4.15,20.67
Spain,ESP,1968,3.98,21.94
Spain,ESP,1969,3.88,21.72
Spain,ESP,1970,4.09,22.24
Spain,ESP,1971,4.09,23.26
Spain,ESP,1972,3.9,23.97
Spain,ESP,1973,3.97,24.94
Spain,ESP,1974,4.06,26.22
Spain,ESP,1975,4,28.71
Spain,ESP,1976,3.63,28.75
Spain,ESP,1977,4.01,30.17
Spain,ESP,1978,3.85,31.97
Spain,ESP,1979,3.82,33.34
Spain,ESP,1980,3.84,33.25
Spain,ESP,1981,3.79,35.64
Spain,ESP,1982,3.63,36.31
Spain,ESP,1983,3.85,37.27
Spain,ESP,1984,3.42,39.37
Spain,ESP,1985,3.62,39.89
Spain,ESP,1986,3.57,40.27
Spain,ESP,1987,3.68,42.56
Spain,ESP,1988,3.42,44.56
Spain,ESP,1989,3.42,45.31
Spain,ESP,1990,3.46,45.6
Spain,ESP,1991,3.71,46.22
Spain,ESP,1992,3.63,47.15
Spain,ESP,1993,3.63,47.81
Spain,ESP,1994,3.8,48.17
Spain,ESP,1995,3.93,48.63
Spain,ESP,1996,3.91,47
Spain,ESP,1997,4.17,46.69
Spain,ESP,1998,4.3,47.44
Spain,ESP,1999,4.36,47.45
Spain,ESP,2000,4.65,46.01
Spain,ESP,2001,4.77,46.67
Spain,ESP,2002,5.08,45.1
Sri Lanka,LKA,2002,1.6,9.1
Sudan,SDN,2002,0.8,0.9
Suriname,SUR,1963,4.07,
Suriname,SUR,1964,1.65,
Suriname,SUR,1965,2.96,
Suriname,SUR,1966,2.96,
Suriname,SUR,1971,6.14,
Suriname,SUR,1972,4.62,
Suriname,SUR,1973,2.12,
Suriname,SUR,1975,0.95,
Suriname,SUR,1976,3.22,
Suriname,SUR,1977,2.92,
Suriname,SUR,1978,0.89,
Suriname,SUR,1979,3.2,
Suriname,SUR,1980,1.07,
Suriname,SUR,1981,4.7,
Suriname,SUR,1982,4.7,
Suriname,SUR,1984,2.67,
Suriname,SUR,1985,6.11,
Suriname,SUR,1986,0.62,
Suriname,SUR,1987,3.04,
Suriname,SUR,1988,2.39,
Suriname,SUR,1989,4.87,
Suriname,SUR,1990,6.3,
Suriname,SUR,1991,4.11,
Suriname,SUR,1992,5.56,
Suriname,SUR,1995,3.22,
Suriname,SUR,1996,0.8,
Suriname,SUR,1997,3.35,
Suriname,SUR,1998,6.07,
Suriname,SUR,1999,2.17,
Suriname,SUR,2000,4.9,
Suriname,SUR,2002,7.4,13.2
Sweden,SWE,1951,3.64,9
Sweden,SWE,1952,4.05,8.67
Sweden,SWE,1953,3.58,9.94
Sweden,SWE,1954,3.71,10.25
Sweden,SWE,1955,3.37,11.04
Sweden,SWE,1956,3.73,11.02
Sweden,SWE,1957,3.93,11.84
Sweden,SWE,1958,4.11,13.44
Sweden,SWE,1959,4.05,13.5
Sweden,SWE,1960,3.49,14.25
Sweden,SWE,1961,3.96,15.2
Sweden,SWE,1962,3.85,15.75
Sweden,SWE,1963,3.95,15.18
Sweden,SWE,1964,3.58,16.73
Sweden,SWE,1965,4.08,17
Sweden,SWE,1966,3.89,17.37
Sweden,SWE,1967,4.92,18.3
Sweden,SWE,1968,4.43,18.19
Sweden,SWE,1969,4.57,19.84
Sweden,SWE,1970,4.79,19.73
Sweden,SWE,1971,5.14,21.67
Sweden,SWE,1972,5.1,22.49
Sweden,SWE,1973,5.62,22.65
Sweden,SWE,1974,5.95,23.51
Sweden,SWE,1975,6.06,23.86
Sweden,SWE,1976,5.89,24.18
Sweden,SWE,1977,6.29,26.02
Sweden,SWE,1978,6.62,25.21
Sweden,SWE,1979,6.62,26.12
Sweden,SWE,1980,7.33,24.52
Sweden,SWE,1981,8.01,23.63
Sweden,SWE,1982,7.74,23.54
Sweden,SWE,1983,7.78,23.57
Sweden,SWE,1984,8.22,24.4
Sweden,SWE,1985,8.09,24.42
Sweden,SWE,1986,8.91,22.63
Sweden,SWE,1987,9.42,23.61
Sweden,SWE,1988,9.85,23.87
Sweden,SWE,1989,9.88,22.56
Sweden,SWE,1990,9.74,23.65
Sweden,SWE,1991,10.94,24.14
Sweden,SWE,1992,11.15,23.46
Sweden,SWE,1993,10.49,22.3
Sweden,SWE,1994,11.09,22.96
Sweden,SWE,1995,12.18,22.4
Sweden,SWE,1996,12.81,21.5
Sweden,SWE,1997,12.34,22.23
Sweden,SWE,1998,12.29,21.16
Sweden,SWE,1999,12.76,21.62
Sweden,SWE,2000,13.32,20.9
Sweden,SWE,2001,14.32,20.63
Sweden,SWE,2002,14.04,20.27
Switzerland,CHE,1951,3.38,23.61
Switzerland,CHE,1952,2.84,22.6
Switzerland,CHE,1953,3.15,25.06
Switzerland,CHE,1954,3.14,26.02
Switzerland,CHE,1955,2.94,27.28
Switzerland,CHE,1956,3.43,27.02
Switzerland,CHE,1957,3.08,29.16
Switzerland,CHE,1958,3.15,28.36
Switzerland,CHE,1959,3.06,31.61
Switzerland,CHE,1960,3.06,31.89
Switzerland,CHE,1961,3.11,31.92
Switzerland,CHE,1962,2.62,32.94
Switzerland,CHE,1963,3.13,35.76
Switzerland,CHE,1964,3.55,34.84
Switzerland,CHE,1965,3.27,35.66
Switzerland,CHE,1966,3.1,38.59
Switzerland,CHE,1967,3.79,39.81
Switzerland,CHE,1968,2.95,40.04
Switzerland,CHE,1969,3.19,41.4
Switzerland,CHE,1970,3.46,41.07
Switzerland,CHE,1971,3.77,43.14
Switzerland,CHE,1972,4.2,43.25
Switzerland,CHE,1973,4.29,45.39
Switzerland,CHE,1974,3.82,46.17
Switzerland,CHE,1975,4.46,48.6
Switzerland,CHE,1976,4.68,47.86
Switzerland,CHE,1977,4.65,48.89
Switzerland,CHE,1978,4.55,48.78
Switzerland,CHE,1979,4.64,49.48
Switzerland,CHE,1980,5.57,48.04
Switzerland,CHE,1981,5.32,48.62
Switzerland,CHE,1982,6.04,49.3
Switzerland,CHE,1983,6.24,49.83
Switzerland,CHE,1984,5.83,47.12
Switzerland,CHE,1985,6.57,48.49
Switzerland,CHE,1986,6.59,48.15
Switzerland,CHE,1987,6.88,45.09
Switzerland,CHE,1988,6.77,45.49
Switzerland,CHE,1989,7.08,44.21
Switzerland,CHE,1990,7.64,45.01
Switzerland,CHE,1991,7.38,44.41
Switzerland,CHE,1992,8.81,44.07
Switzerland,CHE,1993,9.69,43.11
Switzerland,CHE,1994,9.92,41.63
Switzerland,CHE,1995,9.38,37.26
Switzerland,CHE,1996,8.7,37.4
Switzerland,CHE,1997,8.9,36.73
Switzerland,CHE,1998,9.83,36.86
Switzerland,CHE,1999,10.34,33.63
Switzerland,CHE,2000,10.93,35.42
Switzerland,CHE,2001,10.4,34.71
Switzerland,CHE,2002,10.71,31.85
Syria,SYR,2002,3.4,30.5
Tajikistan,TJK,1981,4.52,17.05
Tajikistan,TJK,1982,4.8,16.77
Tajikistan,TJK,1985,6.17,17.62
Tajikistan,TJK,1986,6.32,19.31
Tajikistan,TJK,1987,5.85,20.77
Tajikistan,TJK,1988,7.66,20.66
Tajikistan,TJK,1989,6.67,21.25
Tajikistan,TJK,1990,4.31,14.66
Tajikistan,TJK,1991,4.46,15.34
Tajikistan,TJK,1992,4.02,15.83
Tajikistan,TJK,1993,2.55,11.27
Tajikistan,TJK,1994,2.32,9.09
Tajikistan,TJK,1995,2.17,6.5
Tajikistan,TJK,1996,1.36,6.56
Tajikistan,TJK,1997,2.29,6.67
Tajikistan,TJK,1998,2.67,7.05
Tajikistan,TJK,1999,2.46,7.34
Tajikistan,TJK,2000,2.12,4.82
Tajikistan,TJK,2001,2.47,5
Tajikistan,TJK,2002,2.78,6.48
Tanzania,TZA,2002,0.5,2
Thailand,THA,1957,0.4,0.94
Thailand,THA,1958,0.31,1.01
Thailand,THA,1959,0.44,1.17
Thailand,THA,1960,0.54,1.16
Thailand,THA,1961,0.56,1.13
Thailand,THA,1962,0.55,1.59
Thailand,THA,1963,0.63,1.89
Thailand,THA,1964,0.87,1.8
Thailand,THA,1965,0.73,2
Thailand,THA,1966,0.77,1.68
Thailand,THA,1967,0.81,1.75
Thailand,THA,1968,0.78,1.75
Thailand,THA,1969,0.84,1.94
Thailand,THA,1970,0.88,2.55
Thailand,THA,1971,1.04,2.6
Thailand,THA,1972,0.96,2.24
Thailand,THA,1973,1.36,3.51
Thailand,THA,1974,1.68,3.8
Thailand,THA,1975,2.07,4.55
Thailand,THA,1976,1.44,3.13
Thailand,THA,1977,1.59,3.83
Thailand,THA,1978,1.4,4.25
Thailand,THA,1979,1.84,5.14
Thailand,THA,1980,1.91,5.44
Thailand,THA,1981,1.77,5.5
Thailand,THA,1982,2.01,6.21
Thailand,THA,1983,1.89,5.68
Thailand,THA,1984,1.81,4.79
Thailand,THA,1985,1.51,4.31
Thailand,THA,1986,1.73,4.17
Thailand,THA,1987,1.82,5.02
Thailand,THA,1990,2.12,6.01
Thailand,THA,1991,2.27,6.53
Thailand,THA,1992,2.23,6.43
Thailand,THA,1994,2.55,7.41
Thailand,THA,1995,2.87,8.11
Thailand,THA,1996,2.72,8.14
Thailand,THA,1997,2.79,7.85
Thailand,THA,1998,3.3,9.03
Thailand,THA,1999,4.05,10.52
Thailand,THA,2000,5.19,13.18
Thailand,THA,2002,6.18,15.92
Togo,TGO,2002,0.6,2.4
Trinidad and Tobago,TTO,1951,2.35,2.13
Trinidad and Tobago,TTO,1952,2.22,3.2
Trinidad and Tobago,TTO,1953,0.95,2.14
Trinidad and Tobago,TTO,1954,3.32,4.79
Trinidad and Tobago,TTO,1955,1.63,5.71
Trinidad and Tobago,TTO,1956,1.59,5.95
Trinidad and Tobago,TTO,1957,1.91,5.69
Trinidad and Tobago,TTO,1958,1.65,8.39
Trinidad and Tobago,TTO,1960,4.13,9.39
Trinidad and Tobago,TTO,1961,2.15,6.27
Trinidad and Tobago,TTO,1962,4.07,14.31
Trinidad and Tobago,TTO,1963,4.46,10.17
Trinidad and Tobago,TTO,1966,4.95,12.4
Trinidad and Tobago,TTO,1967,3.51,11.98
Trinidad and Tobago,TTO,1968,3.61,6.32
Trinidad and Tobago,TTO,1970,3.53,13.42
Trinidad and Tobago,TTO,1971,2.61,14.68
Trinidad and Tobago,TTO,1972,2.53,11.27
Trinidad and Tobago,TTO,1973,4.78,9.99
Trinidad and Tobago,TTO,1974,4.99,13.56
Trinidad and Tobago,TTO,1975,5.2,15.67
Trinidad and Tobago,TTO,1976,2.26,10.76
Trinidad and Tobago,TTO,1977,3.58,11.55
Trinidad and Tobago,TTO,1978,4.82,11.44
Trinidad and Tobago,TTO,1979,1.84,11.42
Trinidad and Tobago,TTO,1980,5.21,11.76
Trinidad and Tobago,TTO,1981,3.17,9.4
Trinidad and Tobago,TTO,1982,3.34,15.42
Trinidad and Tobago,TTO,1983,2.71,15.8
Trinidad and Tobago,TTO,1984,4.22,15.39
Trinidad and Tobago,TTO,1985,3.51,14.81
Trinidad and Tobago,TTO,1986,5.25,17.97
Trinidad and Tobago,TTO,1987,3.47,19.96
Trinidad and Tobago,TTO,1988,3.67,21.64
Trinidad and Tobago,TTO,1989,3.49,15.4
Trinidad and Tobago,TTO,1990,2.52,13.26
Trinidad and Tobago,TTO,1991,5.62,13.88
Trinidad and Tobago,TTO,1992,4.47,18.1
Trinidad and Tobago,TTO,1993,4.73,15.47
Trinidad and Tobago,TTO,1994,3.66,13.52
Trinidad and Tobago,TTO,1995,4.76,13.83
Trinidad and Tobago,TTO,1996,3.4,16.99
Trinidad and Tobago,TTO,1997,4.78,14.32
Trinidad and Tobago,TTO,1998,4.45,16.96
Trinidad and Tobago,TTO,1999,3.94,16.38
Trinidad and Tobago,TTO,2000,2.91,14.96
Trinidad and Tobago,TTO,2001,4.13,16.88
Trinidad and Tobago,TTO,2002,4.27,14.89
Tunisia,TUN,2002,1.8,27.1
Turkey,TUR,2002,4.9,44.1
Turkmenistan,TKM,1981,5.6,
Turkmenistan,TKM,1982,5.27,
Turkmenistan,TKM,1985,5.48,
Turkmenistan,TKM,1986,4.13,
Turkmenistan,TKM,1987,4.92,
Turkmenistan,TKM,1988,5.6,
Turkmenistan,TKM,1989,3.82,
Turkmenistan,TKM,1990,3.46,
Turkmenistan,TKM,1991,3.48,
Turkmenistan,TKM,1992,4.15,
Turkmenistan,TKM,1993,4.93,
Turkmenistan,TKM,1994,3.38,
Turkmenistan,TKM,1995,3.68,
Turkmenistan,TKM,1996,4.63,
Turkmenistan,TKM,1997,3.27,
Turkmenistan,TKM,1998,3.03,
Turkmenistan,TKM,2002,4.1,18.3
Uganda,UGA,2002,2.1,3.3
Ukraine,UKR,1981,6.52,48.87
Ukraine,UKR,1982,6.52,50.2
Ukraine,UKR,1985,6.51,54.49
Ukraine,UKR,1986,6.79,56.44
Ukraine,UKR,1987,6.94,59.25
Ukraine,UKR,1988,7.16,61.7
Ukraine,UKR,1989,7.28,63.28
Ukraine,UKR,1990,7.35,63.5
Ukraine,UKR,1991,7.38,63.39
Ukraine,UKR,1992,6.91,63.14
Ukraine,UKR,1993,6.77,61.62
Ukraine,UKR,1994,6.49,60.08
Ukraine,UKR,1995,6.46,57.64
Ukraine,UKR,1996,5.88,53.62
Ukraine,UKR,1997,5.9,52.24
Ukraine,UKR,1998,5.84,52.11
Ukraine,UKR,1999,5.85,50.82
Ukraine,UKR,2000,5.68,50.64
Ukraine,UKR,2001,5.3,48.05
Ukraine,UKR,2002,5.02,47.16
United Arab Emirates,ARE,2002,4.8,12.7
United Kingdom,GBR,1950,6.01,38.19
United Kingdom,GBR,1951,6.1,40.98
United Kingdom,GBR,1952,6.34,43.74
United Kingdom,GBR,1953,6.43,46.9
United Kingdom,GBR,1954,6.61,50.31
United Kingdom,GBR,1955,6.73,52.46
United Kingdom,GBR,1956,7.04,55.08
United Kingdom,GBR,1957,7.15,57.38
United Kingdom,GBR,1958,7.42,58.89
United Kingdom,GBR,1959,7.71,61.96
United Kingdom,GBR,1960,8.03,63.72
United Kingdom,GBR,1961,8.49,65.01
United Kingdom,GBR,1962,8.79,66.85
United Kingdom,GBR,1963,9.18,68.11
United Kingdom,GBR,1964,9.72,69.31
United Kingdom,GBR,1965,10.3,70.84
United Kingdom,GBR,1966,10.68,71.05
United Kingdom,GBR,1967,11.28,72.82
United Kingdom,GBR,1968,11.7,72.77
United Kingdom,GBR,1969,11.94,73.96
United Kingdom,GBR,1970,12.39,73.75
United Kingdom,GBR,1971,12.99,73.38
United Kingdom,GBR,1972,13.58,74.22
United Kingdom,GBR,1973,13.88,74.24
United Kingdom,GBR,1974,14.85,74.59
United Kingdom,GBR,1975,15.01,72.74
United Kingdom,GBR,1976,15.45,73.58
United Kingdom,GBR,1977,16.08,72.42
United Kingdom,GBR,1978,16.65,72.28
United Kingdom,GBR,1979,17.25,71.91
United Kingdom,GBR,1980,17.75,70.82
United Kingdom,GBR,1981,17.95,69.04
United Kingdom,GBR,1982,18.9,67.62
United Kingdom,GBR,1983,18.75,68.24
United Kingdom,GBR,1984,19.95,66.58
United Kingdom,GBR,1985,19.85,65.9
United Kingdom,GBR,1986,20.09,63.42
United Kingdom,GBR,1987,20.51,61.71
United Kingdom,GBR,1988,21.26,60.96
United Kingdom,GBR,1989,21.09,58.56
United Kingdom,GBR,1990,20.96,57.43
United Kingdom,GBR,1991,21.1,56.33
United Kingdom,GBR,1992,21.02,54.32
United Kingdom,GBR,1993,20.87,51.72
United Kingdom,GBR,1994,20.9,49.9
United Kingdom,GBR,1995,20.65,47.76
United Kingdom,GBR,1996,20.55,45.61
United Kingdom,GBR,1997,19.87,43.38
United Kingdom,GBR,1998,20.27,42.74
United Kingdom,GBR,1999,20.11,40.62
United Kingdom,GBR,2000,19.94,39.23
United Kingdom,GBR,2001,19.53,38.15
United Kingdom,GBR,2002,19.67,37.58
United States,USA,1950,3.65,17.31
United States,USA,1951,3.67,18.47
United States,USA,1952,3.83,19.91
United States,USA,1953,3.73,21.66
United States,USA,1954,3.74,22.58
United States,USA,1955,3.89,24.08
United States,USA,1956,4.03,25.93
United States,USA,1957,4.04,27.05
United States,USA,1958,4.21,27.93
United States,USA,1959,4.29,29.32
United States,USA,1960,4.39,30.75
United States,USA,1961,4.75,32.27
United States,USA,1962,4.98,33.8
United States,USA,1963,5.35,34.92
United States,USA,1964,5.49,36.24
United States,USA,1965,5.98,37.56
United States,USA,1966,6.39,39.13
United States,USA,1967,6.85,40.53
United States,USA,1968,7.82,43.08
United States,USA,1969,8.37,43.99
United States,USA,1970,8.98,45.33
United States,USA,1971,9.76,46.44
United States,USA,1972,10.54,48.11
United States,USA,1973,10.93,48.76
United States,USA,1974,11.78,49.99
United States,USA,1975,12.53,50.68
United States,USA,1976,13.49,51.76
United States,USA,1977,14.3,52.84
United States,USA,1978,15.3,53.85
United States,USA,1979,15.95,54.24
United States,USA,1980,17.21,55.24
United States,USA,1981,17.8,55.2
United States,USA,1982,18.89,55.88
United States,USA,1983,19.95,55.53
United States,USA,1984,20.46,56.08
United States,USA,1985,21.45,56.03
United States,USA,1986,21.91,55.83
United States,USA,1987,22.74,56.33
United States,USA,1988,23.58,55.88
United States,USA,1989,24.47,55.58
United States,USA,1990,25.09,55.95
United States,USA,1991,25.33,55.28
United States,USA,1992,26.02,54.22
United States,USA,1993,26.26,54.07
United States,USA,1994,26.33,52.74
United States,USA,1995,26.53,51.66
United States,USA,1996,26.44,50.56
United States,USA,1997,26.49,49.37
United States,USA,1998,26.57,48.49
United States,USA,1999,25.77,46.54
United States,USA,2000,26.24,46.15
United States,USA,2001,25.94,45.16
United States,USA,2002,26.15,44.11
Uruguay,URY,1955,4.14,28.2
Uruguay,URY,1956,3.14,35.92
Uruguay,URY,1957,3.31,34.96
Uruguay,URY,1958,3.8,32.3
Uruguay,URY,1959,3.48,37.06
Uruguay,URY,1960,4.18,38.28
Uruguay,URY,1963,4.26,37.46
Uruguay,URY,1964,3.44,41.85
Uruguay,URY,1965,3.51,41.85
Uruguay,URY,1966,3.25,42.86
Uruguay,URY,1967,4.06,44.97
Uruguay,URY,1968,2.87,42.6
Uruguay,URY,1969,3.59,42.94
Uruguay,URY,1970,4.04,43.48
Uruguay,URY,1971,3.52,45.16
Uruguay,URY,1972,3.71,42.9
Uruguay,URY,1973,3.6,44.25
Uruguay,URY,1974,3.1,42.31
Uruguay,URY,1975,3.71,47.91
Uruguay,URY,1976,4.06,46.84
Uruguay,URY,1977,3.97,47.13
Uruguay,URY,1978,4.1,50.21
Uruguay,URY,1980,3.38,48.43
Uruguay,URY,1981,4.04,51.34
Uruguay,URY,1982,3.93,53.03
Uruguay,URY,1983,4.54,53.42
Uruguay,URY,1984,4.01,54.05
Uruguay,URY,1985,3.69,53.16
Uruguay,URY,1986,3.98,55.25
Uruguay,URY,1987,4.43,55.76
Uruguay,URY,1988,4.31,56.99
Uruguay,URY,1989,4.98,52.42
Uruguay,URY,1990,4.15,56.25
Uruguay,URY,1993,5.27,52.35
Uruguay,URY,1994,5.03,50
Uruguay,URY,1995,5.29,56.52
Uruguay,URY,1996,4.98,49.31
Uruguay,URY,1997,6.27,50.75
Uruguay,URY,1998,5.85,49.57
Uruguay,URY,1999,5.19,46.71
Uruguay,URY,2000,5.6,48.15
Uruguay,URY,2001,6.01,47.91
Uruguay,URY,2002,6.18,46.16
Uzbekistan,UZB,1981,4.68,18.03
Uzbekistan,UZB,1982,4.97,20.07
Uzbekistan,UZB,1985,4.89,19.72
Uzbekistan,UZB,1986,5.08,22.85
Uzbekistan,UZB,1987,6.03,24.59
Uzbekistan,UZB,1988,5.52,21.21
Uzbekistan,UZB,1989,4.84,22.29
Uzbekistan,UZB,1990,5.39,20.3
Uzbekistan,UZB,1991,4.77,19.85
Uzbekistan,UZB,1992,4.86,18.79
Uzbekistan,UZB,1993,4.78,17.3
Uzbekistan,UZB,1994,4.12,14.82
Uzbekistan,UZB,1995,3.9,15.45
Uzbekistan,UZB,1996,3.66,13.83
Uzbekistan,UZB,1997,3.65,13.75
Uzbekistan,UZB,1998,3.83,12.56
Uzbekistan,UZB,1999,3.26,11.49
Uzbekistan,UZB,2000,3.26,10.93
Uzbekistan,UZB,2002,3.12,10.98
Vanuatu,VUT,2002,5.8,12.7
Venezuela,VEN,1955,4.02,9.09
Venezuela,VEN,1956,5.05,9.97
Venezuela,VEN,1957,5.57,8.52
Venezuela,VEN,1958,5.38,10.04
Venezuela,VEN,1959,5.41,9.81
Venezuela,VEN,1960,5.41,9.04
Venezuela,VEN,1961,5.78,9.92
Venezuela,VEN,1962,4.89,11.28
Venezuela,VEN,1963,5.67,10.49
Venezuela,VEN,1964,5.83,12.22
Venezuela,VEN,1965,7.1,13.18
Venezuela,VEN,1966,6.44,13.65
Venezuela,VEN,1967,5.4,11.81
Venezuela,VEN,1968,6.92,12.32
Venezuela,VEN,1969,6.03,12.01
Venezuela,VEN,1970,5.99,14.13
Venezuela,VEN,1971,5.97,14.27
Venezuela,VEN,1972,6.47,14.9
Venezuela,VEN,1973,6.58,11.98
Venezuela,VEN,1974,6.6,14.38
Venezuela,VEN,1975,6.54,15.47
Venezuela,VEN,1976,7.51,14.45
Venezuela,VEN,1977,6.46,16.05
Venezuela,VEN,1978,5.79,14.36
Venezuela,VEN,1979,6.54,15.23
Venezuela,VEN,1980,6.96,14.88
Venezuela,VEN,1981,6.99,15.29
Venezuela,VEN,1982,6.7,15.4
Venezuela,VEN,1983,7.29,16.92
Venezuela,VEN,1985,7.04,15.53
Venezuela,VEN,1986,6.41,15.12
Venezuela,VEN,1987,7.52,17.13
Venezuela,VEN,1988,7.79,17.09
Venezuela,VEN,1989,7.83,15.82
Venezuela,VEN,1990,9.02,18.76
Venezuela,VEN,1992,8.63,18.79
Venezuela,VEN,1993,8.41,17.67
Venezuela,VEN,1994,9.18,18.85
Venezuela,VEN,1996,8.41,17.26
Venezuela,VEN,1997,8.81,18.1
Venezuela,VEN,1998,8.53,17.44
Venezuela,VEN,1999,8.95,17.45
Venezuela,VEN,2000,8.94,16.41
Venezuela,VEN,2001,9.25,17.18
Venezuela,VEN,2002,9.26,16.86
Vietnam,VNM,2002,6.7,27.4
Yemen,YEM,2002,3.4,3.8
Zambia,ZMB,2002,0.9,6.3
Zimbabwe,ZWE,2002,5.8,12.1